Core Section,Original Winter Layer,Orig Year,Interpolated Year,Year AD,Rounded Year AD,Couplet Thickness (cm),Cumulative Depth (cm),Sus Sed Yield (T km-2 a-1),Notes,Disturbed Years,Core Section
226A,N/A,0,45,1972,1972,10.6794,10.6794,,disturbed,44.5406044391163,226A
226A,1,1,46,1971,1971,0.12023,10.79963,4.56547102278215, ,,226A
226A,3,2,47,1970,1970,0.2984,11.09803,11.3310866938218, ,,226A
226A,5,3,47,1970,1970,1.2423,12.34033,,Disturbed,,226A
226A,7,4,52,1965,1965,1.4167,13.75703,,disturbed,5.90863478368599,226A
226A,9,5,53,1964,1964,0.14726,13.90429,,disturbed,0.614177707521422,226A
226A,11,6,64,1953,1953,2.73564,16.63993,,disturbed,11.4095416528854,226A
226A,13,7,94,1923,1923,7.1658,23.80573,,disturbed,29.8864227662434,226A
226A,15,8,107,1910,1910,3.0078,26.81353,,disturbed,12.5446401513169,226A
226A,17,9,108,1909,1909,0.4443,27.25783,16.8713197656334, ,,226A
226A,19,10,109,1908,1908,0.5658,27.82363,21.4850162579235, ,,226A
226A,21,11,110,1907,1907,0.16767,27.9913,6.36690115936025, ,,226A
226A,23,12,111,1906,1906,0.22488,28.21618,8.53932565585336, ,,226A
226A,25,13,112,1905,1905,0.2853,28.50148,10.8336428744885, ,,226A
226A,27,14,113,1904,1904,0.4475,28.94898,16.9928327596691, ,,226A
226A,29,15,114,1903,1903,0.26181,29.21079,9.94166155264572, ,,226A
226A,31,16,115,1902,1902,0.3051,29.51589,,disturbed,1.27248145161473,226A
226A,33,17,116,1901,1901,0.26734,29.78323,10.1516511954635, ,,226A
226A,35,18,117,1900,1900,0.22078,30.00401,8.38363713224522, ,,226A
226A,37,19,118,1899,1899,0.17942,30.18343,6.8130816843348, ,,226A
226A,39,20,119,1898,1898,0.20626,30.38969,7.83227192180858, ,,226A
226A,41,21,120,1897,1897,0.11244,30.50213,4.26966282792668, ,,226A
226A,43,22,121,1896,1896,0.28417,30.7863,10.7907335984696, ,,226A
226A,45,23,122,1895,1895,0.17364,30.95994,6.59359883885796, ,,226A
226A,47,24,125,1892,1892,0.7567,31.71664,,disturbed,3.1559708765548,226A
226A,49,25,126,1891,1891,0.18103,31.89767,6.87421790945897, ,,226A
226A,51,26,127,1890,1890,0.3371,32.23477,12.8006344654401, ,,226A
226A,53,27,128,1889,1889,0.26328,32.49805,9.99748158428083, ,,226A
226A,55,28,129,1888,1888,0.21614,32.71419,8.20744329089357, ,,226A
226A,57,29,134,1883,1883,1.0727,33.78689,,disturbed,4.47391298966609,226A
226A,59,30,135,1882,1882,0.16963,33.95652,6.44132786820707, ,,226A
226A,61,31,136,1881,1881,0.11506,34.07158,4.36915159179335, ,,226A
226A,63,32,137,1880,1880,0.11135,34.18293,4.2282724643333, ,,226A
226A,65,33,138,1879,1879,0.11618,34.29911,4.41168113970581, ,,226A
226A,67,34,139,1878,1878,0.08792,34.38703,3.33856951112872, ,,226A
226A,69,35,140,1877,1877,0.12947,34.5165,4.91633979306001, ,,226A
226A,71,36,141,1876,1876,0.10092,34.61742,3.83221604939844, ,,226A
226A,73,37,142,1875,1875,0.1316,34.74902,4.99722187971497, ,,226A
226A,75,38,149,1868,1868,1.6531,36.40212,,disturbed,6.8945889467857,226A
226A,77,39,150,1867,1867,0.10913,36.51125,4.14397282472108, ,,226A
226A,79,40,151,1866,1866,0.08121,36.59246,3.08377195176028, ,,226A
226A,81,41,152,1865,1865,0.12442,36.71688,4.72457709934754, ,,226A
226A,83,42,153,1864,1864,0.13237,36.84925,5.02646094390479, ,,226A
226A,85,43,154,1863,1863,0.20078,37.05003,7.62418091952258, ,,226A
226A,87,44,155,1862,1862,0.17314,37.22317,6.57461243353989, ,,226A
226A,89,45,156,1861,1861,0.11167,37.33484,4.24042376373686, ,,226A
226A,91,46,157,1860,1860,0.08159,37.41643,3.09820161980201, ,,226A
226A,93,47,172,1845,1845,3.6939,41.11033,,disturbed,15.4061594038665,226A
226A,95,48,173,1844,1844,0.10918,41.21951,4.14587146525289, ,,226A
226A,97,49,174,1843,1843,0.21121,41.43072,8.02023733445744, ,,226A
226A,99,50,175,1842,1842,0.24181,41.67253,9.18220533992308, ,,226A
226A,101,51,192,1825,1825,3.9486,45.62113,,disturbed,16.4684374298458,226A
226A,103,52,193,1824,1824,0.1425,45.76363,5.41112551564881, ,,226A
226A,105,53,194,1823,1823,0.06995,45.83358,2.65619810399743, ,,226A
226A,107,54,195,1822,1822,0.20234,46.03592,7.68341850411495, ,,226A
226A,109,55,196,1821,1821,0.13024,46.16616,4.94557885724983, ,,226A
226A,111,56,203,1814,1814,1.69084,47.857,,disturbed,7.05199127383893,226A
226B,1,57,204,1813,1813,0.10743,47.96443,4.07941904663966, ,,226B
226B,3,58,205,1812,1812,0.08516,48.04959,3.233764553773, ,,226B
226B,5,59,206,1811,1811,0.10251,48.1521,3.89259281830989, ,,226B
226B,7,60,207,1810,1810,0.1552,48.3073,5.89338021072769, ,,226B
226B,9,61,208,1809,1809,0.12792,48.43522,4.857481936574, ,,226B
226B,11,62,209,1808,1808,0.10654,48.54176,4.0456232451735, ,,226B
226B,13,63,210,1807,1807,0.13162,48.67338,4.99798133592769, ,,226B
226B,15,64,211,1806,1806,0.13358,48.80696,5.07240804477451, ,,226B
226B,17,65,212,1805,1805,0.09675,48.90371,3.67386942904577, ,,226B
226B,19,66,213,1804,1804,0.13344,49.03715,5.06709185128545, ,,226B
226B,21,67,214,1803,1803,0.2438,49.28095,9.25777123308898, ,,226B
226B,23,68,215,1802,1802,0.12568,49.40663,4.77242284074907, ,,226B
226B,25,69,216,1801,1801,0.14911,49.55574,5.66212579395364, ,,226B
226B,27,70,217,1800,1800,0.09117,49.64691,3.46198114569615, ,,226B
226B,29,71,218,1799,1799,0.10898,49.75589,4.13827690312566, ,,226B
226B,31,72,219,1798,1798,0.15141,49.9073,5.74946325841674, ,,226B
226B,33,73,232,1785,1785,3.2851,53.1924,,disturbed,13.701176062601,226B
226B,35,74,233,1784,1784,0.23077,53.42317,8.76298551050018, ,,226B
226B,37,75,234,1783,1783,0.2582,53.68137,9.80457970624928, ,,226B
226B,39,76,235,1782,1782,0.19401,53.87538,7.36710499151597, ,,226B
226B,41,77,236,1781,1781,0.21916,54.09454,8.32212117901469, ,,226B
226B,43,78,241,1776,1776,1.0573,55.15184,,disturbed,4.40968416516637,226B
226B,45,79,242,1775,1775,0.20088,55.35272,7.62797820058619, ,,226B
226B,47,80,243,1774,1774,0.16197,55.51469,6.1504561387343, ,,226B
226B,49,81,244,1773,1773,0.14382,55.65851,5.4612496256885, ,,226B
226B,51,82,245,1772,1772,0.1264,55.78491,4.79976326440708, ,,226B
226B,53,83,246,1771,1771,0.2842,56.06911,10.7918727827887, ,,226B
226B,55,84,247,1770,1770,0.2695,56.33861,10.2336724664376, ,,226B
226B,57,85,248,1769,1769,0.2331,56.57171,8.85146215928237, ,,226B
226B,59,86,249,1768,1768,0.16474,56.73645,6.25564082419638, ,,226B
226B,61,87,250,1767,1767,0.2677,57.00415,10.1653214072925, ,,226B
226B,63,88,251,1766,1766,0.25473,57.25888,9.6728140533419, ,,226B
226B,65,89,252,1765,1765,0.22045,57.47933,8.3711061047353, ,,226B
226B,67,90,253,1764,1764,0.23481,57.71414,8.91639566547015, ,,226B
226B,69,91,254,1763,1763,0.25027,57.96441,9.50345531790475, ,,226B
226B,71,92,255,1762,1762,0.2138,58.17821,8.11858691400502, ,,226B
226B,73,93,256,1761,1761,0.2493,58.42751,9.46662169158771, ,,226B
226B,75,94,257,1760,1760,0.19228,58.61979,7.30141202911546, ,,226B
226B,77,95,258,1759,1759,0.23793,58.85772,9.03487083465489, ,,226B
226B,79,96,259,1758,1758,0.12485,58.98257,4.74090540792108, ,,226B
226B,81,97,260,1757,1757,0.19011,59.17268,7.21901103003505, ,,226B
226B,83,98,261,1756,1756,0.21839,59.39107,8.29288211482487, ,,226B
226B,85,99,262,1755,1755,0.2017,59.59277,7.65911590530782, ,,226B
226B,87,100,263,1754,1754,0.3007,59.89347,11.4184241582849, ,,226B
226B,89,101,264,1753,1753,0.21959,60.11306,8.33844948758822, ,,226B
226B,91,102,265,1752,1752,0.16807,60.28113,6.3820902836147, ,,226B
226B,93,103,266,1751,1751,0.15163,60.43276,5.75781727675669, ,,226B
226B,95,104,267,1750,1750,0.2595,60.69226,9.85394436007625, ,,226B
226B,97,105,268,1749,1749,0.2419,60.93416,9.18562289288033, ,,226B
226B,99,106,269,1748,1748,0.08772,61.02188,3.3309749490015, ,,226B
226B,101,107,270,1747,1747,0.08773,61.10961,3.33135467710786, ,,226B
226B,103,108,271,1746,1746,0.2245,61.33411,8.52489598781163, ,,226B
226B,105,109,272,1745,1745,0.196,61.53011,7.44267088468187, ,,226B
226B,107,110,273,1744,1744,0.16112,61.69123,6.11817924969358, ,,226B
226B,109,111,274,1743,1743,0.2248,61.91603,8.53628783100247, ,,226B
226B,111,112,275,1742,1742,0.17818,62.09421,6.765995399146, ,,226B
226B,113,113,276,1741,1741,0.13679,62.231,5.19430076691649, ,,226B
226B,115,114,277,1740,1740,0.17833,62.40933,6.77169132074142, ,,226B
226B,117,115,278,1739,1739,0.14365,62.55298,5.45479424788036, ,,226B
226B,119,116,279,1738,1738,0.17479,62.72777,6.63726757108951, ,,226B
226B,121,117,280,1737,1737,0.13964,62.86741,5.30252327722947, ,,226B
226B,123,118,281,1736,1736,0.10894,62.97635,4.13675799070022, ,,226B
226B,125,119,282,1735,1735,0.3225,63.29885,12.2462314301526, ,,226B
226B,127,120,283,1734,1734,0.16634,63.46519,6.31639732121419, ,,226B
226B,129,121,284,1733,1733,0.10855,63.57374,4.12194859455213, ,,226B
226B,131,122,288,1729,1729,0.9361,64.50984,,disturbed,3.90419497494773,226B
226B,133,123,288,1729,1729,0.19608,64.70592,,disturbed,0.817791422591338,226B
226B,135,124,289,1728,1728,0.12645,64.83237,4.80166190493889, ,,226B
226B,137,125,290,1727,1727,0.09539,64.92776,3.62222640658063, ,,226B
226B,139,126,291,1726,1726,0.14957,65.07733,5.67959328684626, ,,226B
226B,141,127,292,1725,1725,0.16374,65.24107,6.21766801356025, ,,226B
226B,143,128,293,1724,1724,0.11887,65.35994,4.51382800031701, ,,226B
226B,145,129,297,1720,1720,0.9597,66.31964,,disturbed,4.00262356314212,226B
226B,147,130,298,1719,1719,0.23986,66.5595,9.10815835918262, ,,226B
226B,149,131,299,1718,1718,0.19783,66.75733,7.51216112814599, ,,226B
226B,151,132,304,1713,1713,1.14,67.89733,,disturbed,4.75460129413568,226B
226B,153,133,305,1712,1712,0.2564,68.15373,9.73622864710424, ,,226B
226B,155,134,306,1711,1711,0.1908,68.34453,7.24521226937398, ,,226B
226B,157,135,307,1710,1710,0.24766,68.59219,9.40434628214445, ,,226B
226B,159,136,308,1709,1709,0.17015,68.76234,6.46107372973786, ,,226B
226B,161,137,309,1708,1708,0.2629,69.02524,9.9830519162391, ,,226B
226B,163,138,310,1707,1707,0.29681,69.32205,11.2707099249103, ,,226B
226B,165,139,329,1688,1688,4.532,73.85405,,disturbed,18.9016254956341,226B
226B,167,140,330,1687,1687,0.22268,74.07673,8.45578547245387, ,,226B
226B,169,141,331,1686,1686,0.2512,74.32793,9.53877003179635, ,,226B
226B,171,142,332,1685,1685,0.19894,74.52687,7.5543109479521, ,,226B
226B,173,143,333,1684,1684,0.19606,74.72293,7.44494925332004, ,,226B
226B,175,144,337,1680,1680,0.9239,75.64683,,disturbed,3.8533123996947,226B
226B,177,145,338,1679,1679,0.2747,75.9215299999999,10.4311310817455, ,,226B
226B,179,146,339,1678,1678,0.17851,76.1000399999999,6.77852642665592, ,,226B
226B,181,147,341,1676,1676,0.5917,76.69174,,disturbed,2.467804899772,226B
226B,183,148,342,1675,1675,0.15488,76.84662,5.88122891132412, ,,226B
226B,185,149,343,1674,1674,0.24917,77.09579,9.46168522620501, ,,226B
226B,187,150,344,1673,1673,0.2866,77.38239,10.8830075283154, ,,226B
226B,189,151,345,1672,1672,0.2557,77.63809,9.70964767965895, ,,226B
226B,191,152,346,1671,1671,1.329,78.96709,50.4658653354194,flood,,226B
226B,193,153,347,1670,1670,0.17058,79.13767,6.47740203831139, ,,226B
226B,195,154,348,1669,1669,0.13548,79.27315,5.14455638498316, ,,226B
226B,197,155,351,1666,1666,0.6052,79.87835,,disturbed,2.5241093887815,226B
226B,199,156,352,1665,1665,0.16859,80.04694,6.40183614514549, ,,226B
226B,201,157,353,1664,1664,0.19141,80.23835,7.26837568386202, ,,226B
226B,203,158,354,1663,1663,0.19861,80.43696,7.54177992044217, ,,226B
226B,205,159,355,1662,1662,0.2467,80.68366,9.36789238393376, ,,226B
226B,207,160,356,1661,1661,0.1511,80.83476,5.73769168711954, ,,226B
226B,209,161,357,1660,1660,0.14317,80.97793,5.43656729877502, ,,226B
226B,211,162,358,1659,1659,0.17905,81.15698,6.79903174439943, ,,226B
226B,213,163,359,1658,1658,0.21838,81.37536,8.2925023867185, ,,226B
226B,215,164,360,1657,1657,0.18663,81.56199,7.08686564902131, ,,226B
226B,217,165,361,1656,1656,0.2709,81.83289,10.2868344013282, ,,226B
226B,219,166,362,1655,1655,0.17807,82.01096,6.76181838997602, ,,226B
226B,221,167,363,1654,1654,0.17423,82.18519,6.61600279713328, ,,226B
226B,223,168,364,1653,1653,0.2596,82.44479,9.85774164113986, ,,226B
226B,225,169,365,1652,1652,0.11241,82.5572,4.2685236436076, ,,226B
226B,227,170,367,1650,1650,0.4401,82.9973,,disturbed,1.83552634170975,226B
226B,229,171,370,1647,1647,0.8647,83.862,,disturbed,3.60640678863081,226B
226B,231,172,371,1646,1646,0.11113,83.97313,4.21991844599335, ,,226B
226B,233,173,372,1645,1645,0.15351,84.12664,5.82920616075262, ,,226B
226B,235,174,373,1644,1644,0.208,84.33464,7.89834461231545, ,,226B
226B,237,175,374,1643,1643,0.11392,84.44856,4.32586258766816, ,,226B
226B,239,176,375,1642,1642,0.14223,84.59079,5.40087285677705, ,,226B
226B,241,177,402,1615,1615,6.2681,90.85889,,disturbed,26.142382782256,226B
226B,243,178,403,1614,1614,0.28989,91.14878,11.0079380753083, ,,226B
226B,245,179,404,1613,1613,0.27331,91.42209,10.3783488749612, ,,226B
226B,247,180,405,1612,1612,0.2378,91.65989,9.02993436927219, ,,226B
226B,249,181,406,1611,1611,0.2536,91.91349,9.62990477732307, ,,226B
226B,251,182,407,1610,1610,0.3116,92.22509,11.8323277942187, ,,226B
226B,253,183,408,1609,1609,0.20653,92.43162,7.84252458068034, ,,226B
226B,255,184,409,1608,1608,0.13542,92.56704,5.14227801634499, ,,226B
226B,257,185,410,1607,1607,0.3329,92.89994,12.6411486607683, ,,226B
226B,259,186,411,1606,1606,0.3349,93.23484,12.7170942820406, ,,226B
226B,261,187,412,1605,1605,0.20543,93.44027,7.80075448898059, ,,226B
226B,263,188,413,1604,1604,0.18279,93.62306,6.94105005617857, ,,226B
226B,265,189,414,1603,1603,0.27911,93.90217,10.5985911766508, ,,226B
226B,267,190,415,1602,1602,0.2354,94.13757,8.93879962374547, ,,226B
226B,269,191,421,1596,1596,1.5801,95.71767,,disturbed,6.59012763584543,226B
226B,271,192,422,1595,1595,0.213,95.93067,8.08820866549611, ,,226B
226B,273,193,424,1593,1593,0.41959,96.35026,,disturbed,1.7499852254442,226B
226B,275,194,425,1592,1592,0.27223,96.62249,10.3373382394742, ,,226B
226B,277,195,426,1591,1591,0.08256,96.70505,3.13503524611906, ,,226B
226B,279,196,427,1590,1590,0.16319,96.86824,6.19678296771038, ,,226B
226B,281,197,428,1589,1589,0.2597,97.12794,9.86153892220348, ,,226B
226B,283,198,429,1588,1588,0.26383,97.3917699999999,10.0183666301307, ,,226B
226B,285,199,430,1587,1587,0.19762,97.5893899999999,7.5041868379124, ,,226B
226B,287,200,431,1586,1586,0.3233,97.91269,12.2766096786615, ,,226B
226B,289,201,432,1585,1585,0.2383,98.15099,9.04892077459025, ,,226B
226B,291,202,433,1584,1584,0.2777,98.42869,10.5450495136539, ,,226B
226B,293,203,434,1583,1583,0.24382,98.6725099999999,9.2585306893017, ,,226B
226B,295,204,435,1582,1582,0.18076,98.85327,6.86396525058722, ,,226B
226B,297,205,436,1581,1581,0.12015,98.97342,4.56243319793126, ,,226B
226B,299,206,437,1580,1580,0.1712,99.14462,6.5009451809058, ,,226B
226B,301,207,438,1579,1579,0.2703,99.41492,10.2640507149465, ,,226B
226B,303,208,439,1578,1578,0.3515,99.76642,13.3474429386004, ,,226B
226B,305,209,440,1577,1577,0.3185,100.08492,12.094340187608, ,,226B
226B,307,210,441,1576,1576,0.17211,100.25703,6.53550043858468, ,,226B
226B,309,211,442,1575,1575,0.2292,100.48623,8.70336819780145, ,,226B
226B,311,212,443,1574,1574,0.25332,100.73955,9.61927239034496, ,,226B
226B,313,213,444,1573,1573,0.25237,100.99192,9.58319822024063, ,,226B
226B,315,214,445,1572,1572,0.16316,101.15508,6.19564378339129, ,,226B
226B,317,215,446,1571,1571,0.2091,101.36418,7.9401147040152, ,,226B
226B,319,216,447,1570,1570,0.16635,101.53053,6.31677704932056, ,,226B
226B,321,217,448,1569,1569,0.21749,101.74802,8.25870658525235, ,,226B
226B,323,218,449,1568,1568,0.10843,101.85645,4.11739185727579, ,,226B
226B,325,219,450,1567,1567,0.12426,101.98071,4.71850144964576, ,,226B
226B,327,220,451,1566,1566,0.19423,102.17494,7.37545900985592, ,,226B
226B,329,221,452,1565,1565,0.16678,102.34172,6.33310535789409, ,,226B
226B,331,222,453,1564,1564,0.24437,102.58609,9.27941573515157, ,,226B
226B,333,223,454,1563,1563,0.263,102.84909,9.98684919730271, ,,226B
226B,335,224,455,1562,1562,0.18578,103.03487,7.0545887599806, ,,226B
226B,337,225,456,1561,1561,0.20129,103.23616,7.64354705294701, ,,226B
226B,339,226,457,1560,1560,0.175,103.41116,6.6452418613231, ,,226B
226B,341,227,458,1559,1559,0.167,103.57816,6.34145937623404, ,,226B
226B,343,228,459,1558,1558,0.214,103.79216,8.12618147613225, ,,226B
226B,345,229,460,1557,1557,0.247,104.03916,9.3792842271246, ,,226B
226B,347,230,461,1556,1556,0.117,104.15616,4.44281884442744, ,,226B
226B,349,231,462,1555,1555,0.225,104.38116,8.5438823931297, ,,226B
226B,351,232,463,1554,1554,0.228,104.60916,8.65780082503809, ,,226B
226B,353,233,464,1553,1553,0.214,104.82316,8.12618147613225, ,,226B
226B,355,234,465,1552,1552,0.173,104.99616,6.56929624005083, ,,226B
226B,357,235,466,1551,1551,0.178,105.17416,6.75916029323149, ,,226B
226B,359,236,467,1550,1550,0.223,105.39716,8.46793677185743, ,,226B
226B,361,237,468,1549,1549,0.261,105.65816,9.91090357603045, ,,226B
226B,363,238,469,1548,1548,0.216,105.87416,8.20212709740451, ,,226B
226B,365,239,470,1547,1547,0.147,106.02116,5.5820031635114, ,,226B
226B,367,240,471,1546,1546,0.187,106.20816,7.10091558895668, ,,226B
226B,369,241,472,1545,1545,0.127,106.33516,4.82254695078876, ,,226B
226B,371,242,473,1544,1544,0.178,106.51316,6.75916029323149, ,,226B
226B,373,243,474,1543,1543,0.256,106.76916,9.72103952284979, ,,226B
226B,375,244,475,1542,1542,0.261,107.03016,9.91090357603045, ,,226B
226B,377,245,476,1541,1541,0.158,107.18816,5.99970408050885, ,,226B
226B,379,246,477,1540,1540,0.103,107.29116,3.91119949552159, ,,226B
226B,381,247,478,1539,1539,0.129,107.42016,4.89849257206103, ,,226B
226B,383,248,479,1538,1538,0.219,107.63916,8.31604552931291, ,,226B
226B,385,249,480,1537,1537,0.212,107.85116,8.05023585485998, ,,226B
226B,387,250,484,1533,1533,0.916,108.76716,,disturbed,3.82036384686692,226B
226B,389,251,485,1532,1532,0.163,108.93016,6.18956813368951, ,,226B
226B,391,252,486,1531,1531,0.07,109.00016,2.65809674452924, ,,226B
226B,393,253,487,1530,1530,0.182,109.18216,6.91105153577602, ,,226B
226B,395,254,488,1529,1529,0.128,109.31016,4.86051976142489, ,,226B
226B,397,255,493,1524,1524,1.187,110.49716,,disturbed,4.95062432994654,226B
226B,399,256,494,1523,1523,0.128,110.62516,4.86051976142489, ,,226B
226B,401,257,495,1522,1522,0.09,110.71516,3.41755295725188, ,,226B
226B,403,258,496,1521,1521,0.128,110.84316,4.86051976142489, ,,226B
226B,405,259,497,1520,1520,0.216,111.05916,8.20212709740451, ,,226B
226B,407,260,498,1519,1519,0.201,111.26016,7.63253493786253, ,,226B
226B,409,261,499,1518,1518,0.115,111.37516,4.36687322315518, ,,226B
226B,411,262,500,1517,1517,0.114,111.48916,4.32890041251905, ,,226B
226B,413,263,501,1516,1516,0.158,111.64716,5.99970408050885, ,,226B
226B,415,264,502,1515,1515,0.149,111.79616,5.65794878478367, ,,226B
226B,417,265,505,1512,1512,0.791,112.58716,,disturbed,3.29902598566783,226B
226B,419,266,506,1511,1511,0.175,112.76216,6.6452418613231, ,,226B
226B,421,267,507,1510,1510,0.198,112.96016,7.51861650595413, ,,226B
226B,423,268,508,1509,1509,0.158,113.11816,5.99970408050885, ,,226B
226B,425,269,509,1508,1508,0.112,113.23016,4.25295479124678, ,,226B
226B,427,270,510,1507,1507,0.146,113.37616,5.54403035287527, ,,226B
226B,429,271,511,1506,1506,0.185,113.56116,7.02496996768442, ,,226B
226B,431,272,512,1505,1505,0.368,113.92916,13.9739943140966, ,,226B
226B,433,273,513,1504,1504,0.287,114.21616,10.8981966525699, ,,226B
226B,435,274,514,1503,1503,0.212,114.42816,8.05023585485998, ,,226B
226B,437,275,515,1502,1502,0.253,114.68116,9.60712109094139, ,,226B
226B,439,276,516,1501,1501,0.12,114.80116,4.55673727633584, ,,226B
226B,441,277,517,1500,1500,0.18108,114.98224,6.87611654999078, ,,226B
226B,443,278,518,1499,1499,0.1366,115.11884,5.18708593289563, ,,226B
226B,445,279,519,1498,1498,0.13857,115.25741,5.26189236984881, ,,226B
226B,447,280,520,1497,1497,0.16228,115.41969,6.1622277100315, ,,226B
226B,449,281,521,1496,1496,0.23069,115.65038,8.75994768564929, ,,226B
226B,451,282,522,1495,1495,0.21952,115.8699,8.33579139084369, ,,226B
226B,453,283,523,1494,1494,0.2972,116.1671,11.2855193210584, ,,226B
226B,455,284,524,1493,1493,0.2251,116.3922,8.54767967419331, ,,226B
226B,457,285,525,1492,1492,0.17534,116.56754,6.65815261693938, ,,226B
226B,459,286,526,1491,1491,0.15021,116.71775,5.70389588565339, ,,226B
226B,461,287,527,1490,1490,0.17058,116.88833,6.47740203831139, ,,226B
226B,463,288,528,1489,1489,0.13946,117.02779,5.29568817131497, ,,226B
226B,465,289,529,1488,1488,0.17212,117.19991,6.53588016669104, ,,226B
226B,467,290,530,1487,1487,0.11281,117.31272,4.28371276786205, ,,226B
226B,469,291,531,1486,1486,0.18362,117.49634,6.97256748900656, ,,226B
226B,471,292,532,1485,1485,0.1826,117.67894,6.9338352221577, ,,226B
226B,473,293,533,1484,1484,0.17799,117.85693,6.75878056512513, ,,226B
226B,475,294,534,1483,1483,0.16695,118.02388,6.33956073570223, ,,226B
226B,477,295,535,1482,1482,0.13981,118.16369,5.30897865503761, ,,226B
226B,479,296,536,1481,1481,0.19725,118.36094,7.49013689797703, ,,226B
226B,481,297,537,1480,1480,0.15104,118.51198,5.73541331848138, ,,226B
226B,483,298,538,1479,1479,0.19454,118.70652,7.38723058115312, ,,226B
226B,485,299,539,1478,1478,0.20277,118.90929,7.69974681268848, ,,226B
226B,487,300,540,1477,1477,0.2999,119.20919,11.388045909776, ,,226B
226B,489,301,541,1476,1476,0.22401,119.4332,8.50628931059993, ,,226B
226B,491,302,542,1475,1475,0.17323,119.60643,6.57802998649714, ,,226B
226B,493,303,543,1474,1474,0.18306,119.78949,6.95130271505032, ,,226B
226B,495,304,544,1473,1473,0.21191,120.0014,8.04681830190273, ,,226B
226B,497,305,545,1472,1472,0.18841,120.18981,7.15445725195363, ,,226B
226B,499,306,546,1471,1471,0.18448,120.37429,7.00522410615363, ,,226B
226B,501,307,547,1470,1470,0.20073,120.57502,7.62228227899078, ,,226B
226B,503,308,548,1469,1469,0.23788,120.8129,9.03297219412308, ,,226B
226B,505,309,549,1468,1468,0.19134,121.00424,7.26571758711749, ,,226B
226B,507,310,550,1467,1467,0.2624,121.26664,9.96406551092103, ,,226B
226B,509,311,551,1466,1466,0.23152,121.49816,8.79146511847728, ,,226B
226B,511,312,552,1465,1465,0.25405,121.75221,9.64699254210933, ,,226B
226B,513,313,553,1464,1464,0.346,122.09821,13.1385924801017, ,,226B
226B,515,314,554,1463,1463,0.18495,122.28316,7.02307132715261, ,,226B
226B,517,315,555,1462,1462,0.16836,122.45152,6.39310239869918, ,,226B
226B,519,316,556,1461,1461,0.22702,122.67854,8.62058747061468, ,,226B
226B,521,317,557,1460,1460,0.22687,122.90541,8.61489154901926, ,,226B
226B,523,318,558,1459,1459,0.19455,123.09996,7.38761030925948, ,,226B
226B,525,319,559,1458,1458,0.30212,123.40208,11.4723455493882, ,,226B
226B,527,320,560,1457,1457,0.18224,123.58432,6.92016501032869, ,,226B
226B,529,321,561,1456,1456,0.1463,123.73062,5.55542219606611, ,,226B
226B,531,322,562,1455,1455,0.20364,123.93426,7.73278315794192, ,,226B
226B,533,323,563,1454,1454,0.17534,124.1096,6.65815261693938, ,,226B
226B,535,324,564,1453,1453,0.20585,124.31545,7.81670306944777, ,,226B
226B,537,325,565,1452,1452,0.22497,124.54042,8.54274320881061, ,,226B
226B,539,326,566,1451,1451,0.3212,124.86162,12.1968667763256, ,,226B
226B,541,327,567,1450,1450,0.20448,125.0661,7.76468031887627, ,,226B
226B,543,328,568,1449,1449,0.12608,125.19218,4.78761196500352, ,,226B
226B,545,329,569,1448,1448,0.18035,125.37253,6.8483963982264, ,,226B
226B,547,330,570,1447,1447,0.20264,125.57517,7.69481034730579, ,,226B
226B,549,331,571,1446,1446,0.28854,125.86371,10.9566747809495, ,,226B
226B,551,332,572,1445,1445,0.3715,126.23521,14.106899151323, ,,226B
226B,553,333,573,1444,1444,0.25395,126.48916,9.64319526104572, ,,226B
226B,555,334,574,1443,1443,0.2535,126.74266,9.62610749625946, ,,226B
226B,557,335,575,1442,1442,0.2831,127.02576,10.750102691089, ,,226B
226B,559,336,576,1441,1441,0.28052,127.30628,10.6521328396477, ,,226B
226B,561,337,577,1440,1440,0.18081,127.48709,6.86586389111903, ,,226B
226B,563,338,578,1439,1439,0.19662,127.68371,7.46621402727627, ,,226B
226B,565,339,579,1438,1438,0.13012,127.81383,4.94102211997349, ,,226B
226B,567,340,580,1437,1437,0.19208,128.00591,7.29381746698823, ,,226B
226B,569,341,581,1436,1436,0.3548,128.36071,13.4727532136996, ,,226B
226B,571,342,582,1435,1435,0.23368,128.59439,8.87348638945132, ,,226B
226B,573,343,583,1434,1434,0.18894,128.78333,7.17458284159078, ,,226B
226B,575,344,584,1433,1433,0.17407,128.9574,6.60992714743149, ,,226B
226B,577,345,585,1432,1432,0.13726,129.09466,5.21214798791548, ,,226B
226B,579,346,586,1431,1431,0.1402,129.23486,5.3237880511857, ,,226B
226B,581,347,587,1430,1430,0.15499,129.38985,5.8854059204941, ,,226B
226B,583,348,588,1429,1429,0.20281,129.59266,7.70126572511393, ,,226B
226B,585,349,589,1428,1428,0.18633,129.77899,7.07547380583047, ,,226B
226B,587,350,590,1427,1427,0.18684,129.96583,7.0948399392549, ,,226B
226B,589,351,591,1426,1426,0.11734,130.08317,4.45572960004373, ,,226B
226B,591,352,592,1425,1425,0.18402,130.26719,6.98775661326101, ,,226B
226B,593,353,593,1424,1424,0.17333,130.44052,6.58182726756076, ,,226B
226B,595,354,596,1421,1421,0.8027,131.24322,,disturbed,3.34782320947606,226B
226B,597,355,597,1420,1420,0.18558,131.4288,7.04699419785337, ,,226B
226B,599,356,598,1419,1419,0.17357,131.60237,6.59094074211343, ,,226B
226B,601,357,599,1418,1418,0.19468,131.79705,7.39254677464218, ,,226B
226B,603,358,600,1417,1417,0.17833,131.97538,6.77169132074142, ,,226B
226B,605,359,605,1412,1412,1.2221,133.19748,,disturbed,5.09701600137125,226B
226B,607,360,606,1411,1411,0.15427,133.35175,,disturbed,0.643414334777467,226B
226B,609,361,607,1410,1410,0.13075,133.4825,4.96494499067426, ,,226B
226B,611,362,608,1409,1409,0.16688,133.64938,6.33690263895771, ,,226B
226B,613,363,609,1408,1408,0.1805,133.82988,6.85409231982182, ,,226B
226B,615,364,610,1407,1407,0.24415,134.07403,9.27106171681162, ,,226B
226B,617,365,611,1406,1406,0.19337,134.2674,7.34280239270884, ,,226B
226B,619,366,612,1405,1405,0.17638,134.44378,6.69764434000096, ,,226B
226B,621,367,613,1404,1404,0.18531,134.62909,7.03674153898162, ,,226B
226B,623,368,614,1403,1403,0.18415,134.81324,6.99269307864371, ,,226B
226B,625,369,615,1402,1402,0.14821,134.96145,5.62795026438112, ,,226B
226B,627,370,616,1401,1401,0.20887,135.17032,7.93138095756889, ,,226B
226B,629,371,617,1400,1400,0.27206,135.44238,10.3308828616661, ,,226B
226B,631,372,618,1399,1399,0.28815,135.73053,10.9418653848014, ,,226B
226B,633,373,619,1398,1398,1.5922,137.32273,60.4603090948494,flood,,226B
226B,635,374,620,1397,1397,0.22306,137.54579,8.4702151404956, ,,226B
226B,637,375,621,1396,1396,0.20449,137.75028,7.76506004698263, ,,226B
226B,639,376,622,1395,1395,0.17747,137.92775,6.73903470359434, ,,226B
226B,641,377,623,1394,1394,0.17628,138.10403,6.69384705893735, ,,226B
226B,643,378,624,1393,1393,0.14646,138.25049,5.56149784576789, ,,226B
226B,645,379,625,1392,1392,0.18834,138.43883,7.1517991552091, ,,226B
226B,647,380,626,1391,1391,0.16297,138.6018,6.18842894937043, ,,226B
226B,649,381,627,1390,1390,0.18824,138.79004,7.14800187414549, ,,226B
226B,651,382,628,1389,1389,0.22505,139.01509,8.5457810336615, ,,226B
226B,653,383,629,1388,1388,0.3793,139.39439,14.4030870742849, ,,226B
226B,655,384,630,1387,1387,0.20011,139.5945,7.59873913639637, ,,226B
226B,657,385,631,1386,1386,0.3002,139.8947,11.3994377529668, ,,226B
226B,659,386,632,1385,1385,0.31843,140.21313,12.0916820908635, ,,226B
226B,661,387,633,1384,1384,0.14646,140.35959,5.56149784576789, ,,226B
226B,663,388,634,1383,1383,0.3946,140.75419,14.9840710770177, ,,226B
226B,665,389,635,1382,1382,0.2829,141.03709,10.7425081289617, ,,226B
226B,667,390,636,1381,1381,0.18571,141.2228,7.05193066323607, ,,226B
226B,669,391,637,1380,1380,0.20415,141.42695,7.75214929136635, ,,226B
226B,671,392,638,1379,1379,0.21679,141.64374,8.23212561780705, ,,226B
226B,673,393,639,1378,1378,0.2251,141.86884,8.54767967419331, ,,226B
226B,675,394,640,1377,1377,0.25308,142.12192,9.61015891579228, ,,226B
226B,677,395,642,1375,1375,0.5366,142.65852,,disturbed,2.23799917055545,226B
226B,679,396,643,1374,1374,0.3241,142.98262,12.3069879271704, ,,226B
226B,681,397,644,1373,1373,0.2613,143.24392,9.92229541922129, ,,226B
226B,683,398,645,1372,1372,0.16087,143.40479,6.10868604703455, ,,226B
226B,685,399,646,1371,1371,0.1781,143.58289,6.76295757429511, ,,226B
226B,687,400,647,1370,1370,0.25348,143.83637,9.62534804004674, ,,226B
226B,689,401,648,1369,1369,0.22246,144.05883,8.44743145411392, ,,226B
226B,691,402,649,1368,1368,0.21115,144.26998,8.01795896581927, ,,226B
226B,693,403,650,1367,1367,0.20012,144.4701,7.59911886450273, ,,226B
226B,695,404,651,1366,1366,0.14475,144.61485,5.4965643395801, ,,226B
226B,697,405,652,1365,1365,0.22988,144.84473,8.72918970903402, ,,226B
226B,699,406,653,1364,1364,0.1645,145.00923,6.24652734964371, ,,226B
226B,701,407,654,1363,1363,0.21389,145.22312,8.12200446696227, ,,226B
226B,703,408,655,1362,1362,0.16981,145.39293,6.44816297412157, ,,226B
226B,705,409,656,1361,1361,0.19519,145.58812,7.4119129080666, ,,226B
226B,707,410,657,1360,1360,0.21403,145.80215,8.12732066045133, ,,226B
226B,709,411,658,1359,1359,0.19249,145.99464,7.30938631934905, ,,226B
226B,711,412,659,1358,1358,0.14233,146.13697,5.40467013784067, ,,226B
226B,713,413,660,1357,1357,0.22046,146.35743,8.37148583284166, ,,226B
226B,715,414,661,1356,1356,0.21912,146.57655,8.32060226658924, ,,226B
226B,717,415,662,1355,1355,0.16639,146.74294,6.318295961746, ,,226B
226B,719,416,663,1354,1354,0.20085,146.94379,7.62683901626711, ,,226B
226B,721,417,664,1353,1353,0.16442,147.10821,6.24348952479282, ,,226B
226B,723,418,665,1352,1352,0.22462,147.33283,8.52945272508797, ,,226B
226B,725,419,666,1351,1351,0.12514,147.45797,4.75191752300556, ,,226B
226B,727,420,667,1350,1350,0.18188,147.63985,6.90649479849969, ,,226B
226B,729,421,668,1349,1349,0.13997,147.77982,5.31505430473939, ,,226B
226B,731,422,669,1348,1348,0.12943,147.90925,4.91482088063456, ,,226B
226B,733,423,670,1347,1347,0.18554,148.09479,7.04547528542793, ,,226B
226B,735,424,671,1346,1346,0.12251,148.2173,4.65204903103253, ,,226B
226B,737,425,672,1345,1345,0.18694,148.40424,7.09863722031851, ,,226B
226B,739,426,673,1344,1344,0.1686,148.57284,6.40221587325185, ,,226B
226B,741,427,674,1343,1343,0.14421,148.71705,5.47605902183659, ,,226B
226B,743,428,675,1342,1342,0.2692,148.98625,10.2222806232467, ,,226B
226B,745,429,676,1341,1341,0.18396,149.17021,6.98547824462284, ,,226B
226B,747,430,677,1340,1340,0.2776,149.44781,10.5412522325902, ,,226B
226B,749,431,678,1339,1339,0.23697,149.68478,8.9984169364442, ,,226B
226B,751,432,679,1338,1338,0.25694,149.94172,9.75673396484775, ,,226B
226B,753,433,680,1337,1337,0.2452,150.18692,9.31093316797956, ,,226B
226B,755,434,681,1336,1336,0.33289,150.51981,12.640768932662, ,,226B
226B,757,435,682,1335,1335,0.2794,150.79921,10.6096032917353, ,,226B
226B,759,436,683,1334,1334,0.6293,151.42851,23.8962897333179, ,,226B
226B,761,437,684,1333,1333,0.15275,151.58126,5.80034682466916, ,,226B
226B,763,438,685,1332,1332,0.23357,151.81483,8.86930938028135, ,,226B
226B,765,439,686,1331,1331,0.14546,151.96029,5.52352503513176, ,,226B
226B,767,440,687,1330,1330,0.21365,152.17394,8.1128909924096, ,,226B
226B,769,441,688,1329,1329,0.24088,152.41482,9.14689062603147, ,,226B
226B,771,442,689,1328,1328,0.24685,152.66167,9.37358830552918, ,,226B
226B,773,443,690,1327,1327,0.14316,152.80483,5.43618757066866, ,,226B
226B,775,444,691,1326,1326,0.28034,153.08517,10.6452977337332, ,,226B
226B,777,445,692,1325,1325,0.24582,153.33099,9.33447631057397, ,,226B
226B,779,446,693,1324,1324,0.20426,153.53525,7.75632630053632, ,,226B
226B,781,447,694,1323,1323,0.217,153.75225,8.24009990804064, ,,226B
226B,783,448,695,1322,1322,0.2625,154.01475,9.96786279198465, ,,226B
226B,785,449,696,1321,1321,0.14886,154.16361,5.65263259129461, ,,226B
226B,787,450,697,1320,1320,0.24485,154.40846,9.29764268425692, ,,226B
226B,789,451,698,1319,1319,0.3981,154.80656,15.1169759142441, ,,226B
226B,791,452,699,1318,1318,0.2808,155.08736,10.6627652266259, ,,226B
226B,793,453,700,1317,1317,0.32819,155.41555,12.4622967226722, ,,226B
226B,795,454,701,1316,1316,0.17497,155.59052,6.64410267700401, ,,226B
226B,797,455,702,1315,1315,0.29658,155.8871,11.261976178464, ,,226B
226B,799,456,703,1314,1314,0.25889,156.14599,9.83078094558821, ,,226B
226B,801,457,704,1313,1313,0.2341,156.38009,8.8894349699185, ,,226B
226B,803,458,705,1312,1312,0.22092,156.60101,8.38895332573428, ,,226B
226B,805,459,706,1311,1311,0.2247,156.82571,8.53249054993886, ,,226B
226B,807,460,707,1310,1310,0.3508,157.17651,13.3208619711551, ,,226B
226B,809,461,708,1309,1309,0.2586,157.43511,9.81976883050373, ,,226B
226B,811,462,709,1308,1308,0.23103,157.66614,8.77285844126557, ,,226B
226B,813,463,710,1307,1307,0.26,157.92614,9.87293076539432, ,,226B
226B,815,464,711,1306,1306,0.30522,158.23136,11.5900612623602, ,,226B
226B,817,465,712,1305,1305,0.2388,158.47016,9.06790717990832, ,,226B
226B,819,466,713,1304,1304,0.34586,158.81602,13.1332762866126, ,,226B
226B,821,467,714,1303,1303,0.15468,158.9707,5.87363434919689, ,,226B
226B,823,468,715,1302,1302,0.17284,159.14354,6.56322059034905, ,,226B
226B,825,469,716,1301,1301,0.25776,159.4013,9.78787166956938, ,,226B
226B,827,470,717,1300,1300,0.3126,159.7139,11.8703006048549, ,,226B
226B,829,471,718,1299,1299,0.28345,159.99735,10.7633931748116, ,,226B
226B,831,472,719,1298,1298,0.25001,160.24736,9.49358238713936, ,,226B
226B,833,473,720,1297,1297,0.16689,160.41425,6.33728236706407, ,,226B
226B,835,474,721,1296,1296,0.5271,160.94135,20.0154684863052,flood,,226B
226B,837,475,723,1294,1294,0.4614,161.40275,,disturbed,1.92436231325807,226B
226C,0,476,726,1291,1291,0.7795,162.18225,,disturbed,3.25106290243751,226C
226C,2,477,727,1290,1290,0.24747,162.42972,9.39713144812358, ,,226C
226C,4,478,728,1289,1289,0.1857,162.61542,7.05155093512971, ,,226C
226C,6,479,729,1288,1288,0.16865,162.78407,6.40411451378366, ,,226C
226C,8,480,730,1287,1287,0.19706,162.98113,7.48292206395617, ,,226C
226C,10,481,731,1286,1286,0.16982,163.15095,6.44854270222793, ,,226C
226C,12,482,732,1285,1285,0.15241,163.30336,5.78743606905288, ,,226C
226C,14,483,733,1284,1284,0.11566,163.41902,4.39193527817503, ,,226C
226C,16,484,734,1283,1283,0.2252,163.64422,8.55147695525692, ,,226C
226C,18,485,735,1282,1282,0.07994,163.72416,3.03554648225239, ,,226C
226C,20,486,736,1281,1281,0.08747,163.81163,3.32148174634246, ,,226C
226C,22,487,737,1280,1280,0.16658,163.97821,6.32551079576687, ,,226C
226C,24,488,738,1279,1279,0.08848,164.06669,3.35983428508496, ,,226C
226C,26,489,739,1278,1278,0.272,164.33869,10.3286044930279, ,,226C
226C,28,490,740,1277,1277,0.13612,164.47481,5.16885898379029, ,,226C
226C,30,491,741,1276,1276,0.19594,164.67075,7.4403925160437, ,,226C
226C,32,492,742,1275,1275,0.19757,164.86832,7.5022881973806, ,,226C
226C,34,493,743,1274,1274,0.14234,165.01066,5.40504986594703, ,,226C
226C,36,494,744,1273,1273,0.17837,165.18903,6.77321023316686, ,,226C
226C,38,495,745,1272,1272,0.17448,165.36351,6.62549599979231, ,,226C
226C,40,496,746,1271,1271,0.14771,165.51122,5.60896385906306, ,,226C
226C,42,497,747,1270,1270,0.21631,165.72753,8.21389866870171, ,,226C
226C,44,498,748,1269,1269,0.1481,165.87563,5.62377325521115, ,,226C
226C,46,499,749,1268,1268,0.18214,166.05777,6.91636772926508, ,,226C
226C,48,500,750,1267,1267,0.16319,166.22096,6.19678296771038, ,,226C
226C,50,501,751,1266,1266,0.1615,166.38246,6.13260891773532, ,,226C
226C,52,502,752,1265,1265,0.17948,166.56194,6.81536005297297, ,,226C
226C,54,503,753,1264,1264,0.14926,166.7112,5.66782171554906, ,,226C
226C,56,504,754,1263,1263,0.16206,166.87326,6.15387369169155, ,,226C
226C,58,505,755,1262,1262,0.18837,167.06163,7.15293833952818, ,,226C
226C,60,506,756,1261,1261,0.20873,167.27036,7.92606476407983, ,,226C
226C,62,507,757,1260,1260,0.20887,167.47923,7.93138095756889, ,,226C
226C,64,508,758,1259,1259,0.3415,167.82073,12.9677148322391,flood,,226C
226C,66,509,759,1258,1258,0.27043,168.09116,10.2689871803292,flood,,226C
226C,68,510,760,1257,1257,0.14283,168.23399,5.42365654315873, ,,226C
226C,70,511,761,1256,1256,0.20861,168.4426,7.92150802680349, ,,226C
226C,72,512,762,1255,1255,0.20868,168.65128,7.92416612354802, ,,226C
226C,74,513,763,1254,1254,0.2345,168.88578,8.90462409417295, ,,226C
226C,76,514,764,1253,1253,0.1431,169.02888,5.43390920203049, ,,226C
226C,78,515,765,1252,1252,0.20383,169.23271,7.73999799196278, ,,226C
226C,80,516,766,1251,1251,0.21145,169.44416,8.02935080901011, ,,226C
226C,82,517,767,1250,1250,0.17702,169.62118,6.72194693880808, ,,226C
226C,84,518,768,1249,1249,0.17141,169.79259,6.50891947113938, ,,226C
226C,86,519,769,1248,1248,0.1834,169.97599,6.96421347066661, ,,226C
226C,88,520,770,1247,1247,0.19354,170.16953,7.34925777051699, ,,226C
226C,90,521,771,1246,1246,0.21406,170.38359,8.12845984477041, ,,226C
226C,92,522,772,1245,1245,0.19087,170.57446,7.24787036611851, ,,226C
226C,94,523,773,1244,1244,0.2977,170.87216,11.3045057263765, ,,226C
226C,96,524,774,1243,1243,0.25596,171.12812,9.71952061042435, ,,226C
226C,98,525,775,1242,1242,0.30918,171.4373,11.7404335924793, ,,226C
226C,100,526,776,1241,1241,0.12647,171.56377,4.80242136115161, ,,226C
226C,102,527,777,1240,1240,0.18774,171.75151,7.12901546882742, ,,226C
226C,104,528,778,1239,1239,0.2425,171.99401,9.20840657926201, ,,226C
226C,106,529,779,1238,1238,0.1847,172.17871,7.01357812449358, ,,226C
226C,108,530,780,1237,1237,0.334,172.51271,12.6829187524681, ,,226C
226C,110,531,781,1236,1236,0.2408,172.75351,9.14385280118058, ,,226C
226C,112,532,782,1235,1235,0.3215,173.07501,12.2082586195164, ,,226C
226C,114,533,783,1234,1234,0.2849,173.35991,10.818453750234, ,,226C
226C,116,534,784,1233,1233,0.3915,173.75141,14.8663553640457, ,,226C
226C,118,535,785,1232,1232,0.5992,174.35061,22.7533081331703, ,,226C
226C,120,536,786,1231,1231,0.13751,174.48812,5.22164119057451, ,,226C
226C,122,537,787,1230,1230,0.18723,174.67535,7.10964933540299, ,,226C
226C,124,538,788,1229,1229,0.17191,174.84726,6.52790587645745, ,,226C
226C,126,539,789,1228,1228,0.25233,175.09959,9.58167930781518, ,,226C
226C,128,540,790,1227,1227,0.2814,175.38099,10.6855489130075, ,,226C
226C,130,541,791,1226,1226,0.27363,175.65462,10.3905001743648,flood,,226C
226C,132,542,792,1225,1225,0.35584,176.01046,13.5122449367612,flood,,226C
226C,134,543,793,1224,1224,0.22129,176.23175,8.40300326566965, ,,226C
226C,136,544,794,1223,1223,0.22956,176.46131,8.71703840963046, ,,226C
226C,138,545,795,1222,1222,0.25219,176.7135,9.57636311432613, ,,226C
226C,140,546,796,1221,1221,0.275,176.9885,10.4425229249363, ,,226C
226C,142,547,797,1220,1220,0.3588,177.3473,13.6246444562442, ,,226C
226C,144,548,798,1219,1219,0.2149,177.5622,8.16035700570476, ,,226C
226C,146,549,799,1218,1218,0.12787,177.69007,4.8555832960422, ,,226C
226C,148,550,800,1217,1217,0.13407,177.82414,5.09101472198622, ,,226C
226C,150,551,801,1216,1216,0.18562,178.00976,7.04851311027882, ,,226C
226C,152,552,802,1215,1215,0.10316,178.11292,3.91727514522338, ,,226C
226C,154,553,803,1214,1214,0.12459,178.23751,4.73103247715568, ,,226C
226C,156,554,804,1213,1213,0.18767,178.42518,7.12635737208289, ,,226C
226C,158,555,805,1212,1212,0.20663,178.63181,7.84632186174395, ,,226C
226C,160,556,806,1211,1211,0.16843,178.80024,6.39576049544371, ,,226C
226C,162,557,807,1210,1210,0.3566,179.15684,13.5411042728447, ,,226C
226C,164,558,808,1209,1209,0.26202,179.41886,9.94963584287931, ,,226C
226C,166,559,809,1208,1208,0.2891,179.70796,10.9779395549058, ,,226C
226C,168,560,810,1207,1207,0.298,180.00596,11.3158975695673, ,,226C
226C,170,561,811,1206,1206,0.34729,180.35325,13.1875774058223, ,,226C
226C,172,562,812,1205,1205,0.29418,180.64743,11.1708414329373, ,,226C
226C,174,563,813,1204,1204,0.16064,180.80807,6.09995230058824, ,,226C
226C,176,564,814,1203,1203,0.21809,181.02616,8.28149027163403, ,,226C
226C,178,565,815,1202,1202,0.2598,181.28596,9.86533620326709, ,,226C
226C,180,566,816,1201,1201,0.20767,181.49363,7.88581358480553, ,,226C
226C,182,567,817,1200,1200,0.3312,181.82483,12.5765948826869, ,,226C
226C,184,568,818,1199,1199,0.2264,182.05123,8.59704432802028, ,,226C
226C,186,569,819,1198,1198,0.23418,182.28541,8.89247279476939, ,,226C
226C,188,570,820,1197,1197,0.29526,182.58067,11.2118520684243, ,,226C
226C,190,571,821,1196,1196,0.308,182.88867,11.6956256759287, ,,226C
226C,192,572,825,1192,1192,0.818,183.70667,,disturbed,3.41163496368683,226C
226C,194,573,829,1188,1188,1.0743,184.78097,,disturbed,4.48058611428944,226C
226C,196,574,830,1187,1187,0.5018,185.28277,19.054756377211, ,,226C
226C,198,575,831,1186,1186,0.14501,185.42778,,disturbed,0.604793626019838,226C
226C,200,576,832,1185,1185,0.14814,185.57592,5.62529216763659, ,,226C
226C,202,577,833,1184,1184,0.31888,185.8948,,disturbed,1.32995373743332,226C
226C,204,578,834,1183,1183,0.2622,186.157,,disturbed,1.09355829765121,226C
226C,206,579,835,1182,1182,0.23354,186.39054,8.86817019596226, ,,226C
226C,208,580,836,1181,1181,0.2601,186.65064,9.87672804645793, ,,226C
226C,210,581,837,1180,1180,0.21816,186.8688,8.28414836837855, ,,226C
226C,212,582,838,1179,1179,0.23007,187.09887,8.73640454305489, ,,226C
226C,214,583,839,1178,1178,0.23145,187.33032,8.78880702173275, ,,226C
226C,216,584,840,1177,1177,0.3185,187.64882,12.094340187608, ,,226C
226C,218,585,841,1176,1176,0.3768,188.02562,14.3081550476945, ,,226C
226C,220,586,842,1175,1175,0.3276,188.35322,12.4398927643968, ,,226C
226C,222,587,843,1174,1174,0.3234,188.67662,12.2804069597251, ,,226C
226C,224,588,844,1173,1173,0.24105,188.91767,9.15334600383962, ,,226C
226C,226,589,845,1172,1172,0.2951,189.21277,11.2057764187225, ,,226C
226C,228,590,846,1171,1171,0.2963,189.50907,11.2513437914859, ,,226C
226C,230,591,847,1170,1170,0.28436,189.79343,10.7979484324905, ,,226C
226C,232,592,848,1169,1169,0.31713,190.11056,12.0423174370365, ,,226C
226C,234,593,849,1168,1168,0.3282,190.43876,12.4626764507785, ,,226C
226C,236,594,850,1167,1167,0.18423,190.62299,6.9957309034946, ,,226C
226C,238,595,851,1166,1166,0.10793,190.73092,4.09840545195773, ,,226C
226C,240,596,852,1165,1165,0.16206,190.89298,6.15387369169155, ,,226C
226C,242,597,853,1164,1164,0.19905,191.09203,7.55848795712207, ,,226C
226C,244,598,854,1163,1163,0.19031,191.28234,7.22660559216228, ,,226C
226C,246,599,855,1162,1162,0.22186,191.5042,8.42464776773224, ,,226C
226C,248,600,856,1161,1161,0.2225,191.7267,8.44895036653937, ,,226C
226C,250,601,857,1160,1160,0.2049,191.9316,7.78062889934344, ,,226C
226C,252,602,858,1159,1159,0.21418,192.14578,8.13301658204675, ,,226C
226C,254,603,859,1158,1158,0.20138,192.34716,7.64696460590426, ,,226C
226C,256,604,860,1157,1157,0.09801,192.44517,3.7217151704473, ,,226C
226C,258,605,861,1156,1156,0.15794,192.60311,5.99742571187069, ,,226C
226C,260,606,862,1155,1155,0.15327,192.75638,5.82009268619995, ,,226C
226C,262,607,863,1154,1154,0.20178,192.95816,7.66215373015871, ,,226C
226C,264,608,864,1153,1153,0.17182,193.12998,6.5244883235002, ,,226C
226C,266,609,865,1152,1152,0.19498,193.32496,7.40393861783302, ,,226C
226C,268,610,866,1151,1151,0.11721,193.44217,4.45079313466103, ,,226C
226C,270,611,867,1150,1150,0.23423,193.6764,8.8943714353012, ,,226C
226C,272,612,868,1149,1149,0.2086,193.885,7.92112829869713, ,,226C
226C,274,613,869,1148,1148,0.2252,194.1102,8.55147695525692, ,,226C
226C,276,614,870,1147,1147,0.19464,194.30484,7.39102786221673, ,,226C
226C,278,615,871,1146,1146,0.26013,194.56497,9.87786723077701, ,,226C
226C,280,616,872,1145,1145,0.15264,194.71761,5.79616981549919, ,,226C
226C,282,617,873,1144,1144,0.2906,195.00821,11.03489877086, ,,226C
226C,284,618,874,1143,1143,0.19592,195.20413,7.43963305983098, ,,226C
226C,286,619,875,1142,1142,0.26119,195.46532,,disturbed,1.08934588773272,226C
226C,288,620,877,1140,1140,0.3223,195.78762,,disturbed,1.34421754131573,226C
226C,290,621,878,1139,1139,0.1639,195.95152,6.22374366326203, ,,226C
226C,292,622,879,1138,1138,0.17598,196.1275,6.68245521574651, ,,226C
226C,294,623,880,1137,1137,0.15319,196.28069,5.81705486134906, ,,226C
226C,296,624,881,1136,1136,0.22371,196.5044,8.49489746740909, ,,226C
226C,298,625,882,1135,1135,0.2362,196.7406,8.96917787225438, ,,226C
226C,300,626,883,1134,1134,0.2478,196.9884,9.40966247563351, ,,226C
226C,302,627,884,1133,1133,0.2645,197.2529,10.0438084132569, ,,226C
226C,304,628,885,1132,1132,0.20923,197.46213,7.9450511693979, ,,226C
226C,306,629,886,1131,1131,0.16353,197.62566,6.20969372332666, ,,226C
226C,308,630,887,1130,1130,0.16947,197.79513,6.43525221850529, ,,226C
226C,310,631,888,1129,1129,0.14555,197.94068,5.52694258808901, ,,226C
226C,312,632,889,1128,1128,0.27386,198.21454,10.3992339208111, ,,226C
226C,314,633,890,1127,1127,0.2254,198.43994,8.55907151738415, ,,226C
226C,316,634,891,1126,1126,0.2789,198.71884,10.5906168864172, ,,226C
226C,318,635,892,1125,1125,0.2748,198.99364,,disturbed,1.14610915406008,226C
226C,320,636,896,1121,1121,1.0038,199.99744,,disturbed,4.18655156057316,226C
226C,322,637,897,1120,1120,0.17321,200.17065,6.57727053028442, ,,226C
226C,324,638,898,1119,1119,0.2427,200.41335,9.21600114138923, ,,226C
226C,326,639,899,1118,1118,0.218,200.63135,8.27807271867677, ,,226C
226C,328,640,900,1117,1117,0.2523,200.88365,9.5805401234961, ,,226C
226C,330,641,901,1116,1116,0.14928,201.03293,5.66858117176178, ,,226C
226C,332,642,902,1115,1115,0.298,201.33093,11.3158975695673, ,,226C
226C,334,643,903,1114,1114,0.14927,201.4802,5.66820144365542, ,,226C
226C,336,644,904,1113,1113,0.2253,201.7055,8.55527423632054, ,,226C
226C,338,645,905,1112,1112,0.2183,201.9238,8.28946456186761, ,,226C
226C,340,646,906,1111,1111,0.14902,202.07282,5.65870824099639, ,,226C
226C,342,647,907,1110,1110,0.25612,202.32894,9.72559626012612, ,,226C
226C,344,648,908,1109,1109,0.2596,202.58854,9.85774164113986, ,,226C
226C,346,649,909,1108,1108,0.2748,202.86334,10.4349283628091, ,,226C
226C,348,650,910,1107,1107,0.20235,203.06569,7.68379823222131, ,,226C
226C,350,651,911,1106,1106,0.1874,203.25309,7.11610471321113, ,,226C
226C,352,652,912,1105,1105,0.3064,203.55949,11.6348691789108, ,,226C
226C,354,653,913,1104,1104,0.2417,203.80119,9.1780283307531, ,,226C
226C,356,654,914,1103,1103,0.1989,204.00009,7.55279203552665, ,,226C
226C,358,655,915,1102,1102,0.24445,204.24454,9.28245356000246, ,,226C
226C,360,656,916,1101,1101,0.30238,204.54692,11.4822184801536, ,,226C
226C,362,657,917,1100,1100,0.2779,204.82482,10.5526440757811, ,,226C
226C,364,658,918,1099,1099,0.20965,205.03447,7.96099974986507, ,,226C
226C,366,659,922,1095,1095,0.90389,205.93836,,disturbed,3.76985663487395,226C
226C,368,660,923,1094,1094,0.34495,206.28331,13.0987210289337, ,,226C
226C,370,661,924,1093,1093,0.2683,206.55161,10.1881050936742, ,,226C
226C,372,662,925,1092,1092,0.336,206.88761,12.7588643737403, ,,226C
226C,374,663,926,1091,1091,0.23813,207.12574,9.04246539678211, ,,226C
226C,376,664,927,1090,1090,0.23061,207.35635,8.7569098607984, ,,226C
226C,378,665,928,1089,1089,0.34108,207.69743,12.9517662517719, ,,226C
226C,380,666,929,1088,1088,0.4476,208.14503,16.9966300407327, ,,226C
226C,382,667,930,1087,1087,0.3171,208.46213,12.0411782527175, ,,226C
226C,384,668,931,1086,1086,0.30164,208.76377,11.4541186002829, ,,226C
226C,386,669,932,1085,1085,0.27652,209.04029,10.5002415971032, ,,226C
226C,388,670,933,1084,1084,0.3349,209.37519,12.7170942820406, ,,226C
226C,390,671,934,1083,1083,0.2598,209.63499,9.86533620326709, ,,226C
226C,392,672,935,1082,1082,0.2726,209.90759,10.3513881794096, ,,226C
226C,394,673,936,1081,1081,0.21468,210.12227,8.15200298736482, ,,226C
226C,396,674,937,1080,1080,0.3125,210.43477,11.8665033237912, ,,226C
226C,398,675,938,1079,1079,0.2864,210.72117,10.8754129661882, ,,226C
226C,400,676,939,1078,1078,0.195,210.91617,7.40469807404574, ,,226C
226C,402,677,940,1077,1077,0.1719,211.08807,6.52752614835109, ,,226C
226C,404,678,941,1076,1076,0.23392,211.32199,8.88259986400399, ,,226C
226C,406,679,942,1075,1075,0.214,211.53599,8.12618147613225, ,,226C
226C,408,680,943,1074,1074,0.1952,211.73119,7.41229263617296, ,,226C
226C,410,681,944,1073,1073,0.214,211.94519,8.12618147613225, ,,226C
226C,412,682,945,1072,1072,0.19085,212.13604,7.24711090990579, ,,226C
226C,414,683,946,1071,1071,0.22325,212.35929,8.47742997451647, ,,226C
226C,416,684,947,1070,1070,0.17038,212.52967,6.46980747618417, ,,226C
226C,418,685,948,1069,1069,0.2749,212.80457,10.4387256438727, ,,226C
226C,420,686,949,1068,1068,0.2595,213.06407,9.85394436007625, ,,226C
226C,422,687,950,1067,1067,0.12616,213.19023,4.79064978985441, ,,226C
226C,424,688,951,1066,1066,0.18335,213.37358,6.9623148301348, ,,226C
226C,426,689,952,1065,1065,0.3358,213.70938,12.7512698116131, ,,226C
226C,428,690,953,1064,1064,0.2294,213.93878,8.71096275992868, ,,226C
226C,430,691,956,1061,1061,0.725,214.66378,,disturbed,3.02375959495471,226C
226C,432,692,957,1060,1060,0.15645,214.82023,,disturbed,0.652506467076779,226C
226C,434,693,958,1059,1059,0.19134,215.01157,7.26571758711749, ,,226C
226C,436,694,959,1058,1058,0.12858,215.14015,4.88254399159385, ,,226C
226C,438,695,960,1057,1057,0.2574,215.39755,9.77420145774037, ,,226C
226C,440,696,961,1056,1056,0.24279,215.64034,9.21941869434649, ,,226C
226C,442,697,962,1055,1055,0.3231,215.96344,12.2690151165342, ,,226C
226C,444,698,963,1054,1054,0.18352,216.14696,6.96877020794294, ,,226C
226C,446,699,968,1049,1049,1.1909,217.33786,,disturbed,4.96689007121595,226C
226C,448,700,969,1048,1048,0.21003,217.54789,7.9754294179068, ,,226C
226C,450,701,970,1047,1047,0.3059,217.85379,11.6158827735928, ,,226C
226C,452,702,971,1046,1046,0.2448,218.09859,9.29574404372511, ,,226C
226C,454,703,972,1045,1045,0.3745,218.47309,14.2208175832314, ,,226C
226C,456,704,973,1044,1044,0.20627,218.67936,7.83265164991495, ,,226C
226C,458,705,974,1043,1043,0.3275,219.00686,12.4360954833332, ,,226C
226C,460,706,975,1042,1042,0.40781,219.41467,15.485691905521, ,,226C
226C,462,707,976,1041,1041,0.3888,219.80347,14.7638287753281, ,,226C
226C,464,708,977,1040,1040,0.22399,220.02746,8.5055298543872, ,,226C
226C,466,709,978,1039,1039,0.12884,220.1563,4.89241692235925, ,,226C
226C,468,710,979,1038,1038,0.2194,220.3757,8.33123465356736, ,,226C
226C,470,711,980,1037,1037,0.15728,220.53298,5.97236365685084, ,,226C
226C,472,712,981,1036,1036,0.1264,220.65938,4.79976326440708, ,,226C
226C,474,713,982,1035,1035,0.23008,220.88946,8.73678427116125, ,,226C
226C,476,714,983,1034,1034,0.13034,221.0198,4.94937613831344, ,,226C
226C,478,715,984,1033,1033,0.22397,221.24377,8.50477039817448, ,,226C
226C,480,716,985,1032,1032,0.24538,221.48915,9.31776827389407, ,,226C
226C,482,717,986,1031,1031,0.22278,221.71193,8.45958275351748, ,,226C
226C,484,718,987,1030,1030,0.35322,222.06515,13.4127561728945, ,,226C
226C,486,719,988,1029,1029,0.27869,222.34384,10.5826425961836, ,,226C
226C,488,720,989,1028,1028,0.17004,222.51388,6.45689672056788, ,,226C
226C,490,721,990,1027,1027,0.34907,222.86295,13.2551690087546, ,,226C
226C,492,722,991,1026,1026,0.18327,223.04622,6.95927700528391, ,,226C
226C,494,723,992,1025,1025,0.10055,223.14677,3.81816610946307, ,,226C
226C,496,724,993,1024,1024,0.39283,223.5396,14.9168592021917,flood,,226C
226C,498,725,994,1023,1023,0.12163,223.66123,4.61863295767273, ,,226C
226C,500,726,995,1022,1022,0.10508,223.76631,3.99018294164475, ,,226C
226C,502,727,996,1021,1021,0.10979,223.8761,4.16903487974093, ,,226C
226C,504,728,997,1020,1020,0.11995,223.99605,4.55483863580403, ,,226C
226C,506,729,998,1019,1019,0.2068,224.20285,7.8527772395521, ,,226C
226C,508,730,999,1018,1018,0.1739,224.37675,6.60347176962335, ,,226C
226C,510,731,1000,1017,1017,0.14239,224.51914,5.40694850647883, ,,226C
226C,512,732,1001,1016,1016,0.26778,224.78692,10.1683592321434, ,,226C
226C,514,733,1002,1015,1015,0.3693,225.15622,14.0233589679235, ,,226C
226C,516,734,1003,1014,1014,0.20192,225.35814,7.66746992364777, ,,226C
226C,518,735,1004,1013,1013,0.24774,225.60588,9.40738410699534, ,,226C
226C,520,736,1005,1012,1012,0.17773,225.78361,6.74890763435974, ,,226C
226C,522,737,1007,1010,1010,0.5572,226.34081,,disturbed,2.32391565008106,226C
226C,524,738,1008,1009,1009,0.16371,226.50452,,disturbed,0.682785770055222,226C
226C,526,739,1009,1008,1008,0.20803,226.71255,7.89948379663454, ,,226C
226C,528,740,1010,1007,1007,0.1549,226.86745,5.88198836753684, ,,226C
226C,530,741,1011,1006,1006,0.14446,227.01191,5.48555222449563, ,,226C
226C,532,742,1015,1002,1002,1.014,228.02591,,disturbed,4.229092730047,226C
226C,534,743,1025,992,992,2.4602,230.48611,,disturbed,10.260763248976,226C
226C,536,744,1026,991,991,0.2759,230.76201,10.4766984545088, ,,226C
226C,538,745,1027,990,990,0.20444,230.96645,7.76316140645082, ,,226C
226C,540,746,1028,989,989,0.3929,231.35935,14.9195172989363, ,,226C
226C,542,747,1029,988,988,0.25129,231.61064,9.54218758475361, ,,226C
226C,544,748,1030,987,987,0.20403,231.81467,7.74759255409001, ,,226C
226C,546,749,1031,986,986,0.2604,232.07507,9.88811988964877, ,,226C
226C,548,750,1032,985,985,0.5565,232.63157,21.1318691190074, ,,226C
226C,550,751,1033,984,984,0.4983,233.12987,18.9218515399846, ,,226C
226C,552,752,1034,983,983,0.3136,233.44347,11.908273415491, ,,226C
226C,554,753,1035,982,982,0.22512,233.66859,8.54843913040603, ,,226C
226C,556,754,1036,981,981,0.14062,233.80921,5.33973663165288, ,,226C
226C,558,755,1037,980,980,0.2233,234.03251,8.47932861504827, ,,226C
226C,560,756,1038,979,979,0.22303,234.25554,8.46907595617652, ,,226C
226C,562,757,1039,978,978,0.26013,234.51567,9.87786723077702, ,,226C
226C,564,758,1040,977,977,0.18175,234.69742,6.90155833311699, ,,226C
226C,566,759,1041,976,976,0.15574,234.85316,5.91388552847119, ,,226C
226C,568,760,1042,975,975,0.26103,235.11419,9.91204276034953, ,,226C
226C,570,761,1045,972,972,0.71569,235.82988,,disturbed,2.9849303510526,226C
226C,572,762,1050,967,967,1.1264,236.95628,,disturbed,4.69787973483722,226C
226C,574,763,1051,966,966,0.3308,237.28708,12.5614057584325, ,,226C
226C,576,764,1052,965,965,0.14584,237.43292,5.53795470317349, ,,226C
226C,578,765,1053,964,964,0.38043,237.81335,14.4459963503037, ,,226C
226C,580,766,1054,963,963,0.19733,238.01068,7.49317472282793, ,,226C
226C,582,767,1055,962,962,0.23143,238.24211,8.78804756552003, ,,226C
226C,584,768,1056,961,961,0.14396,238.38607,5.46656581917756, ,,226C
226C,586,769,1057,960,960,0.22223,238.6083,8.43869770766761, ,,226C
226C,588,770,1068,949,949,2.7507,241.359,,disturbed,11.4723524384027,226C
226C,590,771,1069,948,948,0.23337,241.59237,,disturbed,0.97331693334425,226C
226C,592,772,1070,947,947,0.25194,241.84431,9.56686991166709, ,,226C
226C,594,773,1071,946,946,0.242,242.08631,9.18942017394394, ,,226C
226C,596,774,1072,945,945,0.15871,242.24502,6.02666477606051, ,,226C
226C,598,775,1073,944,944,0.22785,242.47287,8.65210490344267, ,,226C
226C,600,776,1074,943,943,0.13232,242.60519,5.02456230337298, ,,226C
226C,602,777,1075,942,942,0.19432,242.79951,7.37887656281317, ,,226C
226C,604,778,1076,941,941,0.2952,243.09471,11.2095736997862, ,,226C
226C,606,779,1077,940,940,0.26898,243.36369,10.2139266049068, ,,226C
226C,608,780,1078,939,939,0.2442,243.60789,9.27296035734343, ,,226C
226C,610,781,1079,938,938,0.3533,243.96119,13.4157939977454, ,,226C
226C,612,782,1080,937,937,0.20303,244.16422,7.70961974345388, ,,226C
226C,614,783,1081,936,936,0.16814,244.33236,6.38474838035923, ,,226C
226C,616,784,1082,935,935,0.13862,244.47098,5.26379101038062, ,,226C
226C,618,785,1083,934,934,0.19525,244.66623,7.41419127670477, ,,226C
226C,620,786,1084,933,933,0.2125,244.87873,8.06922226017805, ,,226C
226C,622,787,1085,932,932,0.2721,245.15083,10.3324017740915, ,,226C
226C,624,788,1086,931,931,0.22764,245.37847,8.64413061320909, ,,226C
226C,626,789,1087,930,930,0.23612,245.61459,8.96614004740349, ,,226C
226C,628,790,1088,929,929,0.25056,245.86515,9.51446743298923, ,,226C
226C,630,791,1089,928,928,0.23094,246.09609,8.76944088830832, ,,226C
226C,632,792,1090,927,927,0.19052,246.28661,7.23457988239587, ,,226C
226C,634,793,1091,926,926,0.19327,246.47988,7.33900511164523, ,,226C
226C,636,794,1092,925,925,0.18027,246.66015,6.84535857337551, ,,226C
226C,638,795,1093,924,924,0.21911,246.87926,8.32022253848288, ,,226C
226C,640,796,1094,923,923,0.19272,247.07198,7.31812006579536, ,,226C
226C,642,797,1098,919,919,0.9992,248.07118,,disturbed,4.16736632728103,226C
226C,644,798,1099,918,918,0.25144,248.32262,,disturbed,1.04868153455919,226C
226C,646,799,1100,917,917,0.32786,248.65048,12.4497656951622, ,,226C
226C,648,800,1101,916,916,0.23558,248.88606,8.94563472965997, ,,226C
226C,650,801,1102,915,915,0.3136,249.19966,11.908273415491, ,,226C
226C,652,802,1109,908,908,1.683,250.88266,,disturbed,7.01929296318452,226C
226C,654,803,1117,900,900,1.8048,252.68746,,disturbed,7.52728457513691,226C
226C,656,804,1118,899,899,0.17035,252.85781,,disturbed,0.710479237242117,226C
226C,658,805,1119,898,898,0.3914,253.24921,14.8625580829821, ,,226C
226C,660,806,1120,897,897,0.24939,253.4986,9.47003924454496, ,,226C
226C,662,807,1121,896,896,0.23688,253.73548,8.99499938348694, ,,226C
226C,664,808,1122,895,895,0.21247,253.94795,8.06808307585896, ,,226C
226C,666,809,1123,894,894,0.22748,254.17543,8.6380549635073, ,,226C
226C,668,810,1124,893,893,0.14398,254.31941,5.46732527539028, ,,226C
226C,670,811,1125,892,892,0.2709,254.59031,10.2868344013282, ,,226C
226C,672,812,1128,889,889,0.7617,255.35201,,disturbed,3.17682439100276,226C
226C,674,813,1160,857,857,7.671,263.02301,,disturbed,31.9934618660656,226C
226C,676,814,1174,843,843,3.4569,266.47991,,disturbed,14.417702819033,226C
226C,678,815,1175,842,842,0.19723,266.67714,,disturbed,0.822587730914369,226C
226C,680,816,1176,841,841,0.404,267.08114,15.3410154969973, ,,226C
226C,682,817,1177,840,840,0.18668,267.26782,7.08876428955312, ,,226C
226C,684,818,1178,839,839,0.2873,267.55512,10.9095884957607, ,,226C
226C,686,819,1179,838,838,0.25196,267.80708,9.56762936787982, ,,226C
226C,688,820,1180,837,837,0.2078,268.01488,7.89075005018823, ,,226C
226C,690,821,1188,829,829,1.8424,269.85728,,disturbed,7.6841030037856,226C
226C,692,822,1189,828,828,0.24565,270.10293,,disturbed,1.02453316482845,226C
226C,694,823,1190,827,827,0.2735,270.37643,10.3855637089821, ,,226C
226C,696,824,1191,826,826,0.17081,270.54724,6.48613578475771, ,,226C
226C,698,825,1192,825,825,0.18613,270.73337,7.06787924370325, ,,226C
226C,700,826,1193,824,824,0.17482,270.90819,6.63840675540859, ,,226C
226D,702,827,1194,823,823,0.4286,271.33679,16.2751466386462, ,,226D
226D,1,828,1195,822,822,0.22309,271.55988,8.47135432481469, ,,226D
226D,3,829,1196,821,821,0.18816,271.74804,7.1449640492946, ,,226D
226D,5,830,1197,820,820,0.24952,271.99756,9.47497570992765, ,,226D
226D,7,831,1198,819,819,0.308,272.30556,11.6956256759287, ,,226D
226D,9,832,1199,818,818,0.389,272.69456,14.7714233374553, ,,226D
226D,11,833,1200,817,817,0.23763,272.93219,9.02347899146404, ,,226D
226D,13,834,1201,816,816,0.4501,273.38229,17.091562067323, ,,226D
226D,15,835,1202,815,815,0.3867,273.76899,14.6840858729922, ,,226D
226D,17,836,1203,814,814,0.3473,274.11629,13.1879571339286, ,,226D
226D,19,837,1204,813,813,0.3842,274.50049,14.5891538464019, ,,226D
226D,21,838,1205,812,812,0.39825,274.89874,15.1226718358396, ,,226D
226D,23,839,1206,811,811,0.4814,275.38014,18.2801110402339, ,,226D
226D,25,840,1207,810,810,0.343,275.72314,13.0246740481933, ,,226D
226D,27,841,1208,809,809,0.35106,276.0742,13.3307349019205, ,,226D
226D,29,842,1209,808,808,0.391,276.4652,14.8473689587276, ,,226D
226D,31,843,1210,807,807,0.3062,276.7714,11.6272746167836, ,,226D
226D,33,844,1211,806,806,0.3173,277.0887,12.0487728148447, ,,226D
226D,35,845,1212,805,805,0.3171,277.4058,12.0411782527175, ,,226D
226D,37,846,1213,804,804,0.3577,277.7635,13.5828743645444, ,,226D
226D,39,847,1214,803,803,0.4023,278.1658,15.2764617189159, ,,226D
226D,41,848,1215,802,802,0.3601,278.5259,13.6740091100711, ,,226D
226D,43,849,1216,801,801,0.3943,278.9202,14.9726792338268, ,,226D
226D,45,850,1217,800,800,0.4281,279.3483,16.2561602333281, ,,226D
226D,47,851,1218,799,799,0.2894,279.6377,10.9893313980966, ,,226D
226D,49,852,1219,798,798,0.289,279.9267,10.9741422738421, ,,226D
226D,51,853,1220,797,797,0.41,280.3367,15.5688523608141, ,,226D
226D,53,854,1221,796,796,0.498,280.8347,18.9104596967937, ,,226D
226D,55,855,1222,795,795,0.356,281.1907,13.518320586463, ,,226D
226D,57,856,1223,794,794,0.3793,281.57,14.4030870742849, ,,226D
226D,59,857,1224,793,793,0.4186,281.9886,15.8954185322849, ,,226D
226D,61,858,1225,792,792,0.5104,282.499,19.3813225486818, ,,226D
226D,63,859,1226,791,791,0.6973,283.1963,26.4784408565748, ,,226D
226D,65,860,1227,790,790,0.3588,283.5551,13.6246444562442, ,,226D
226D,67,861,1228,789,789,0.2396,283.7947,9.09828542841722, ,,226D
226D,69,862,1229,788,788,0.4623,284.257,17.5548303570838, ,,226D
226D,71,863,1230,787,787,0.3513,284.6083,13.3398483764732, ,,226D
226D,73,864,1231,786,786,0.5154,285.1237,19.5711866018624, ,,226D
226D,75,865,1232,785,785,0.35712,285.48082,13.5608501343755, ,,226D
226D,77,866,1233,784,784,0.6585,286.13932,25.0050958038929, ,,226D
226D,79,867,1234,783,783,0.28886,286.42818,10.9688260803531, ,,226D
226D,81,868,1235,782,782,0.4408,286.86898,16.738414928407, ,,226D
226D,83,869,1236,781,781,0.3465,287.21548,13.1575788854197, ,,226D
226D,85,870,1237,780,780,0.3558,287.57128,13.5107260243358, ,,226D
226D,87,871,1240,777,777,0.732,288.30328,,disturbed,3.05295451518186,226D
226D,89,872,1241,776,776,0.5011,288.80438,19.0281754097657, ,,226D
226D,91,873,1242,775,775,0.4823,289.28668,18.3142865698065, ,,226D
226D,93,874,1243,774,774,0.3178,289.60448,12.0677592201627, ,,226D
226D,95,875,1244,773,773,0.2633,289.86778,9.99824104049355, ,,226D
226D,97,876,1246,771,771,0.61086,290.47864,,disturbed,2.5477155671366,226D
226D,99,877,1247,770,770,0.2565,290.73514,9.74002592816786, ,,226D
226D,101,878,1248,769,769,0.3304,291.06554,12.546216634178, ,,226D
226D,103,879,1249,768,768,0.19121,291.25675,7.2607811217348, ,,226D
226D,105,880,1250,767,767,0.3041,291.56085,11.5475317144477, ,,226D
226D,107,881,1251,766,766,0.2861,291.84695,10.8640211229974, ,,226D
226D,109,882,1252,765,765,0.28416,292.13111,10.7903538703633, ,,226D
226D,111,883,1253,764,764,0.2016,292.33271,7.65531862424421, ,,226D
226D,113,884,1254,763,763,0.3302,292.66291,12.5386220720508, ,,226D
226D,115,885,1255,762,762,0.3608,293.02371,13.7005900775164, ,,226D
226D,117,886,1256,761,761,0.3973,293.42101,15.0865976657352, ,,226D
226D,119,887,1257,760,760,0.2969,293.71791,11.2741274778676, ,,226D
226D,121,888,1258,759,759,0.4214,294.13931,16.001742402066, ,,226D
226D,123,889,1259,758,758,0.3613,294.50061,13.7195764828345, ,,226D
226D,125,890,1260,757,757,0.28217,294.78278,10.7147879771974, ,,226D
226D,127,891,1261,756,756,0.3318,295.11458,12.5993785690686, ,,226D
226D,129,892,1262,755,755,0.2601,295.37468,9.87672804645793, ,,226D
226D,131,893,1263,754,754,0.14016,295.51484,5.32226913876026, ,,226D
226D,133,894,1264,753,753,0.3168,295.83164,12.0297864095266, ,,226D
226D,135,895,1265,752,752,0.29443,296.12607,11.1803346355963, ,,226D
226D,137,896,1266,751,751,0.12799,296.25406,4.86014003331853, ,,226D
226D,139,897,1267,750,750,0.24756,296.50162,9.40054900108084, ,,226D
226D,141,898,1268,749,749,0.276,296.77762,10.4804957355724, ,,226D
226D,143,899,1269,748,748,0.17592,296.95354,6.68017684710834, ,,226D
226D,145,900,1270,747,747,0.33109,297.28463,12.5724178735169, ,,226D
226D,147,901,1271,746,746,0.22725,297.51188,8.62932121706099, ,,226D
226D,149,902,1272,745,745,0.19853,297.71041,7.53874209559128, ,,226D
226D,151,903,1273,744,744,0.2646,297.97501,10.0476056943205, ,,226D
226D,153,904,1281,736,736,1.7739,299.74891,,disturbed,7.3984098558485,226D
226D,155,905,1282,735,735,0.3556,300.10451,13.5031314622085, ,,226D
226D,157,906,1283,734,734,0.244,300.34851,9.26536579521621, ,,226D
226D,159,907,1284,733,733,0.2554,300.60391,9.69825583646811, ,,226D
226D,161,908,1285,732,732,0.31359,300.9175,11.9078936873846, ,,226D
226D,163,909,1286,731,731,0.297,301.214500000001,11.2779247589312, ,,226D
226D,165,910,1287,730,730,0.23395,301.44845,8.88373904832308, ,,226D
226D,167,911,1288,729,729,0.20111,301.649560000001,7.6367119470325, ,,226D
226D,169,912,1289,728,728,0.29469,301.944250000001,11.1902075663617, ,,226D
226D,171,913,1290,727,727,0.5527,302.496950000001,20.9875724385901, ,,226D
226D,173,914,1291,726,726,0.5419,303.038850000001,20.5774660837199, ,,226D
226D,175,915,1292,725,725,0.2164,303.255250000001,8.21731622165896, ,,226D
226D,177,916,1293,724,724,0.2243,303.479550000001,8.51730142568441, ,,226D
226D,179,917,1294,723,723,0.33287,303.812420000001,12.6400094764493, ,,226D
226D,181,918,1295,722,722,0.2485,304.060920000001,9.4362434430788, ,,226D
226D,183,919,1296,721,721,0.3812,304.442120000001,14.4752354144935, ,,226D
226D,185,920,1297,720,720,0.24864,304.690760000001,9.44155963656786, ,,226D
226D,187,921,1298,719,719,0.4954,305.186160000001,18.8117303891398, ,,226D
226D,189,922,1299,718,718,0.3362,305.522360000001,12.7664589358676, ,,226D
226D,191,923,1300,717,717,0.3651,305.887460000001,13.8638731632518, ,,226D
226D,193,924,1301,716,716,0.3216,306.209060000001,12.21205590058, ,,226D
226D,195,925,1302,715,715,0.38245,306.591510000001,14.5227014277887, ,,226D
226D,197,926,1303,714,714,0.38043,306.971940000001,14.4459963503037, ,,226D
226D,199,927,1304,713,713,0.2374,307.209340000001,9.01474524501773, ,,226D
226D,201,928,1305,712,712,0.1965,307.405840000001,7.46165728999994, ,,226D
226D,203,929,1306,711,711,0.40073,307.806570000001,15.2168444062172, ,,226D
226D,205,930,1307,710,710,0.259,308.065570000001,9.83495795475819, ,,226D
226D,207,931,1308,709,709,0.18167,308.247240000001,6.8985205082661, ,,226D
226D,209,932,1309,708,708,0.16297,308.410210000001,6.18842894937043, ,,226D
226D,211,933,1310,707,707,0.21662,308.626830000001,8.22567023999891, ,,226D
226D,213,934,1311,706,706,0.22452,308.851350000001,8.52565544402435, ,,226D
226D,215,935,1312,705,705,0.3613,309.212650000001,13.7195764828345, ,,226D
226D,217,936,1313,704,704,0.41795,309.630600000001,15.8707362053714, ,,226D
226D,219,937,1314,703,703,0.2643,309.894900000001,10.0362138511297, ,,226D
226D,221,938,1315,702,702,0.3575,310.252400000001,13.5752798024172, ,,226D
226D,223,939,1316,701,701,0.18174,310.434140000001,6.90117860501063, ,,226D
226D,225,940,1317,700,700,0.21356,310.647700000001,8.10947343945235, ,,226D
226D,227,941,1318,699,699,0.40472,311.052420000001,15.3683559206553, ,,226D
226D,229,942,1319,698,698,0.16692,311.219340000001,6.33842155138315, ,,226D
226D,231,943,1320,697,697,0.18046,311.399800000001,6.85257340739638, ,,226D
226D,233,944,1321,696,696,0.17832,311.578120000001,6.77131159263506, ,,226D
226D,235,945,1322,695,695,0.17926,311.75738,6.80700603463302, ,,226D
226D,237,946,1323,694,694,0.24669,312.004070000001,9.3675126558274, ,,226D
226D,239,947,1324,693,693,0.2337,312.237770000001,8.87424584566405, ,,226D
226D,241,948,1325,692,692,0.2177,312.45547,8.26668087548593, ,,226D
226D,243,949,1326,691,691,0.31908,312.77455,12.116364417777, ,,226D
226D,245,950,1330,687,687,1.0259,313.80045,,disturbed,4.27872409443316,226D
226D,247,951,1331,686,686,0.39827,314.19872,15.1234312920523, ,,226D
226D,249,952,1332,685,685,0.3614,314.56012,13.7233737638981, ,,226D
226D,251,953,1333,684,684,0.3218,314.88192,12.2196504627073, ,,226D
226D,253,954,1334,683,683,0.3331,315.21502,12.6487432228956, ,,226D
226D,255,955,1335,682,682,0.22696,315.441980000001,8.61830910197652, ,,226D
226D,257,956,1336,681,681,0.37353,315.815510000001,14.1839839569144, ,,226D
226D,259,957,1337,680,680,0.19773,316.01324,7.50836384708238, ,,226D
226D,261,958,1338,679,679,0.35733,316.37057,13.568824424609, ,,226D
226D,263,959,1339,678,678,0.35177,316.72234,13.3576955974722, ,,226D
226D,265,960,1340,677,677,0.2983,317.02064,11.3272894127582, ,,226D
226D,267,961,1341,676,676,0.26708,317.28772,10.1417782646981, ,,226D
226D,269,962,1342,675,675,0.17412,317.461840000001,6.6118257879633, ,,226D
226D,271,963,1343,674,674,0.2204,317.68224,8.36920746420349, ,,226D
226D,273,964,1344,673,673,0.2208,317.90304,8.38439658845794, ,,226D
226D,275,965,1345,672,672,0.2707,318.17374,10.2792398392009, ,,226D
226D,277,966,1346,671,671,0.42667,318.60041,16.2018591141184, ,,226D
226D,279,967,1347,670,670,0.3274,318.92781,12.4322982022696, ,,226D
226D,281,968,1348,669,669,0.34408,319.27189,13.0656846836803, ,,226D
226D,283,969,1349,668,668,0.5066,319.77849,19.2370258682645, ,,226D
226D,285,970,1350,667,667,0.2636,320.04209,10.0096328836844, ,,226D
226D,287,971,1351,666,666,0.3057,320.34779,11.6082882114655, ,,226D
226D,289,972,1355,662,662,0.9043,321.25209,,disturbed,3.77156662305868,226D
226D,291,973,1356,661,661,0.26566,321.51775,10.0878568735948, ,,226D
226D,293,974,1357,660,660,0.1393,321.65705,5.28961252161319, ,,226D
226D,295,975,1358,659,659,0.27883,321.93588,10.5879587896727, ,,226D
226D,297,976,1359,658,658,0.19479,322.130670000001,7.39672378381215, ,,226D
226D,299,977,1360,657,657,0.19841,322.329080000001,7.53418535831495, ,,226D
226D,301,978,1361,656,656,0.14181,322.470890000001,5.38492427630988, ,,226D
226D,303,979,1362,655,655,0.22723,322.698120000001,8.62856176084827, ,,226D
226D,305,980,1363,654,654,0.3333,323.031420000001,12.6563377850228, ,,226D
226D,307,981,1364,653,653,0.2554,323.286820000001,9.69825583646811, ,,226D
226D,309,982,1365,652,652,0.3364,323.623220000001,12.7740534979948, ,,226D
226D,311,983,1366,651,651,0.15461,323.777830000001,5.87097625245237, ,,226D
226D,313,984,1367,650,650,0.2638,324.041630000001,10.0172274458116, ,,226D
226D,315,985,1368,649,649,0.3055,324.347130000001,11.6006936493383, ,,226D
226D,317,986,1369,648,648,0.2418,324.588930000001,9.18182561181671, ,,226D
226D,319,987,1370,647,647,0.21212,324.801050000001,8.05479259213632, ,,226D
226D,321,988,1371,646,646,0.37177,325.172820000001,14.1171518101948, ,,226D
226D,323,989,1372,645,645,0.29989,325.472710000001,11.3876661816696, ,,226D
226D,325,990,1373,644,644,0.3132,325.785910000001,11.8930842912365, ,,226D
226D,327,991,1374,643,643,0.4039,326.189810000001,15.3372182159337, ,,226D
226D,329,992,1375,642,642,0.25836,326.448170000001,9.81065535595106, ,,226D
226D,331,993,1376,641,641,0.16033,326.608500000001,6.08818072929104, ,,226D
226D,333,994,1377,640,640,0.9318,327.540300000001,35.3830649507478, ,,226D
226D,335,995,1378,639,639,0.3918,327.932100000001,14.8777472072365, ,,226D
226D,337,996,1379,638,638,0.35575,328.287850000001,13.508827383804, ,,226D
226D,339,997,1380,637,637,0.27896,328.566810000001,10.5928952550554, ,,226D
226D,341,998,1381,636,636,0.2784,328.845210000001,10.5716304810991, ,,226D
226D,343,999,1382,635,635,0.3407,329.185910000001,12.9373365837302, ,,226D
226D,345,1000,1383,634,634,0.16507,329.350980000001,6.26817185170631, ,,226D
226D,347,1001,1384,633,633,0.2784,329.629380000001,10.5716304810991, ,,226D
226D,349,1002,1385,632,632,0.23089,329.860270000001,8.76754224777651, ,,226D
226D,351,1003,1386,631,631,0.22154,330.081810000001,8.41249646832868, ,,226D
226D,353,1004,1387,630,630,0.25548,330.337290000001,9.701293661319, ,,226D
226D,355,1005,1388,629,629,0.327,330.664290000001,12.4171090780152, ,,226D
226D,357,1006,1389,628,628,0.14001,330.804300000001,5.31657321716484, ,,226D
226D,359,1007,1390,627,627,0.3092,331.113500000001,11.741193048692, ,,226D
226D,361,1008,1391,626,626,0.2529,331.366400000001,9.60332380987778, ,,226D
226D,363,1009,1409,608,608,4.2401,335.606500000001,,disturbed,17.684197322162,226D
226D,365,1010,1410,607,607,0.1792,335.785700000001,6.80472766599485, ,,226D
226D,367,1011,1411,606,606,0.3613,336.147000000001,13.7195764828345, ,,226D
226D,369,1012,1412,605,605,0.284,336.431000000001,10.7842782206615, ,,226D
226D,371,1013,1413,604,604,0.34749,336.778490000001,13.1951719679495, ,,226D
226D,373,1014,1414,603,603,0.22697,337.005460000001,8.61868883008288, ,,226D
226D,375,1015,1415,602,602,0.30443,337.309890000001,11.5600627419577, ,,226D
226D,377,1016,1416,601,601,0.21296,337.522850000001,8.08668975307067, ,,226D
226D,379,1017,1417,600,600,0.22253,337.745380000001,8.45008955085845, ,,226D
226D,381,1018,1418,599,599,0.3871,338.132480000001,14.6992749972467, ,,226D
226D,383,1019,1419,598,598,0.32486,338.457340000001,12.3358472632538, ,,226D
226D,385,1020,1420,597,597,0.2966,338.753940000001,11.2627356346767, ,,226D
226D,387,1021,1421,596,596,0.3253,339.079240000001,12.3525552999337, ,,226D
226D,389,1022,1427,590,590,1.67532,340.754560000001,,disturbed,6.98726196499245,226D
226D,391,1023,1428,589,589,0.4171,341.171660000001,15.8384593163307, ,,226D
226D,393,1024,1429,588,588,0.2158,341.387460000001,8.19453253527728, ,,226D
226D,395,1025,1430,587,587,0.19831,341.585770000001,7.53038807725133, ,,226D
226D,397,1026,1431,586,586,0.24092,341.826690000001,9.14840953845692, ,,226D
226D,399,1027,1432,585,585,0.2556,342.082290000001,9.70585039859534, ,,226D
226D,401,1028,1433,584,584,0.2746,342.356890000001,10.4273338006818, ,,226D
226D,403,1029,1434,583,583,0.2631,342.619990000001,9.99064647836633, ,,226D
226D,405,1030,1435,582,582,0.19794,342.817930000001,7.51633813731597, ,,226D
226D,407,1031,1436,581,581,0.4336,343.251530000001,16.4650106918268, ,,226D
226D,409,1032,1437,580,580,0.27355,343.525080000001,10.3874623495139, ,,226D
226D,411,1033,1438,579,579,0.21542,343.740500000001,8.18010286723555, ,,226D
226D,413,1034,1439,578,578,0.22272,343.963220000001,8.45730438487932, ,,226D
226D,415,1035,1440,577,577,0.13829,344.101510000001,5.25125998287069, ,,226D
226D,417,1036,1441,576,576,0.31944,344.420950000001,12.130034629606, ,,226D
226D,419,1037,1442,575,575,0.20676,344.627710000001,7.85125832712665, ,,226D
226D,421,1038,1443,574,574,0.24323,344.870940000001,9.23612673102638, ,,226D
226D,423,1039,1444,573,573,0.2717,345.142640000001,10.3172126498371, ,,226D
226D,425,1040,1445,572,572,0.3117,345.454340000001,11.8361250752823, ,,226D
226D,427,1041,1446,571,571,0.21539,345.669730000001,8.17896368291647, ,,226D
226D,429,1042,1447,570,570,0.18307,345.852800000001,6.95168244315668, ,,226D
226D,431,1043,1448,569,569,0.2475,346.100300000001,9.39827063244267, ,,226D
226D,433,1044,1449,568,568,0.28142,346.381720000001,10.6863083692203, ,,226D
226D,435,1045,1450,567,567,0.30021,346.681930000001,11.3998174810732, ,,226D
226D,437,1046,1451,566,566,0.3985,347.080430000001,15.1321650384986, ,,226D
226D,439,1047,1452,565,565,0.3726,347.453030000001,14.1486692430228, ,,226D
226D,441,1048,1453,564,564,0.2513,347.704330000001,9.54256731285997, ,,226D
226D,443,1049,1454,563,563,0.19163,347.895960000001,7.27672970220197, ,,226D
226D,445,1050,1455,562,562,0.25822,348.154180000001,9.805339162462, ,,226D
226D,447,1051,1456,561,561,0.24623,348.400410000001,9.35004516293478, ,,226D
226D,449,1052,1457,560,560,0.3413,348.741710000001,12.9601202701118, ,,226D
226D,451,1053,1458,559,559,0.38592,349.127630000001,14.6544670806961, ,,226D
226D,453,1054,1459,558,558,0.4324,349.560030000001,16.4194433190635, ,,226D
226D,455,1055,1460,557,557,0.49489,350.054920000001,18.7923642557154, ,,226D
226D,457,1056,1461,556,556,0.448,350.502920000001,17.0118191649871, ,,226D
226D,459,1057,1462,555,555,0.4772,350.980120000001,18.1206252355622, ,,226D
226D,461,1058,1463,554,554,0.4495,351.429620000001,17.0687783809413, ,,226D
226D,463,1059,1464,553,553,0.29703,351.726650000001,11.2790639432503, ,,226D
226D,465,1060,1465,552,552,0.2816,352.008250000001,10.6931434751348, ,,226D
226D,467,1061,1466,551,551,0.3517,352.359950000001,13.3550375007276, ,,226D
226D,469,1062,1467,550,550,0.3233,352.683250000001,12.2766096786615, ,,226D
226D,471,1063,1468,549,549,0.27771,352.960960000001,10.5454292417602, ,,226D
226D,473,1064,1469,548,548,0.31793,353.278890000001,12.0726956855454, ,,226D
226D,475,1065,1470,547,547,0.3258,353.604690000001,12.3715417052518, ,,226D
226D,477,1066,1475,542,542,1.17631,354.781000000001,,disturbed,4.90603951605679,226D
226D,479,1067,1480,537,537,0.9892,355.770200000001,,disturbed,4.1256592983851,226D
226D,481,1068,1481,536,536,0.18311,355.953310000001,6.95320135558213, ,,226D
226D,483,1069,1485,532,532,0.98375,356.937060000001,,disturbed,4.10292896763682,226D
226D,485,1070,1488,529,529,0.71419,357.651250000001,,disturbed,2.97867429671821,226D
226D,487,1071,1489,528,528,0.20314,357.854390000001,7.71379675262385, ,,226D
226D,489,1072,1490,527,527,0.3133,358.167690000001,11.8968815723002, ,,226D
226D,491,1073,1491,526,526,0.38179,358.549480000001,14.4976393727688, ,,226D
226D,493,1074,1492,525,525,0.2855,358.834980000001,10.8412374366157, ,,226D
226D,495,1075,1493,524,524,0.20385,359.038830000001,7.74075744817551, ,,226D
226D,497,1076,1494,523,523,0.26674,359.305570000001,10.1288675090818, ,,226D
226D,499,1077,1496,521,521,0.5821,359.887670000001,,disturbed,2.42776615203191,226D
226D,501,1078,1497,520,520,0.5878,360.475470000001,22.3204180919184, ,,226D
226D,503,1079,1498,519,519,0.2402,360.715670000001,9.12106911479891, ,,226D
226D,505,1080,1499,518,518,0.5424,361.258070000001,20.596452489038, ,,226D
226D,507,1081,1500,517,517,0.6071,361.865170000001,23.0532933371957, ,,226D
226D,509,1082,1501,516,516,0.2456,362.110770000001,9.32612229223402, ,,226D
226D,511,1083,1502,515,515,0.1983,362.309070000001,7.53000834914497, ,,226D
226D,513,1084,1503,514,514,0.17721,362.486280000001,6.72916177282895, ,,226D
226D,515,1085,1504,513,513,0.2813,362.767580000001,10.6817516319439, ,,226D
226D,517,1086,1505,512,512,0.16294,362.930520000001,6.18728976505135, ,,226D
226D,519,1087,1506,511,511,0.41449,363.345010000001,15.7393502805703, ,,226D
226D,521,1088,1507,510,510,0.3752,363.720210000001,14.2473985506767, ,,226D
226D,523,1089,1508,509,509,0.3283,364.048510000001,12.4664737318421, ,,226D
226D,525,1090,1509,508,508,0.2744,364.322910000001,10.4197392385546, ,,226D
226D,527,1091,1510,507,507,0.21113,364.534040000001,8.01719950960655, ,,226D
226D,529,1092,1511,506,506,0.3464,364.880440000001,13.1537816043561, ,,226D
226D,531,1093,1512,505,505,0.18749,365.067930000001,7.11952226616839, ,,226D
226D,533,1094,1513,504,504,0.2918,365.359730000001,11.0804661436233, ,,226D
226D,535,1095,1514,503,503,0.5679,365.927630000001,21.5647591602593, ,,226D
226D,537,1096,1515,502,502,0.27724,366.204870000001,10.5275820207612, ,,226D
226D,539,1097,1516,501,501,0.15191,366.356780000001,5.76844966373481, ,,226D
226D,541,1098,1517,500,500,0.2662,366.622980000001,10.1083621913383, ,,226D
226D,543,1099,1518,499,499,0.26059,366.883570000001,9.89533472366963, ,,226D
226D,545,1100,1519,498,498,0.1784,367.061970000001,6.77434941748595, ,,226D
226D,547,1101,1523,494,494,0.92901,367.990980000001,,disturbed,3.87462469146052,226D
226D,549,1102,1524,493,493,0.5303,368.521280000001,20.1369814803408, ,,226D
226D,551,1103,1525,492,492,0.2323,368.753580000001,8.82108391077346, ,,226D
226D,553,1104,1526,491,491,0.21478,368.968360000001,8.15580026842843, ,,226D
226D,555,1105,1527,490,490,0.20646,369.174820000001,7.83986648393581, ,,226D
226D,557,1106,1528,489,489,0.12764,369.302460000001,4.84684954959589, ,,226D
226D,559,1107,1529,488,488,0.14327,369.445730000001,5.44036457983863, ,,226D
226D,561,1108,1530,487,487,0.13556,369.581290000001,5.14759420983405, ,,226D
226D,563,1109,1531,486,486,0.13305,369.714340000001,5.05228245513736, ,,226D
226D,565,1110,1532,485,485,0.17457,369.888910000001,6.62891355274956, ,,226D
226D,567,1111,1533,484,484,0.3666,370.255510000001,13.920832379206, ,,226D
226D,569,1112,1534,483,483,0.3446,370.600110000001,13.0854305452111, ,,226D
226D,571,1113,1543,474,474,2.25924,372.859350000001,,disturbed,9.42261879628342,226D
226D,573,1114,1551,466,466,1.9278,374.787150000001,,disturbed,8.04028103055682,226D
226D,575,1115,1552,465,465,0.2871,375.074250000001,10.9019939336335, ,,226D
226D,577,1116,1553,464,464,0.31269,375.386940000001,11.8737181578121, ,,226D
226D,579,1117,1554,463,463,0.30264,375.689580000001,11.492091410919, ,,226D
226D,581,1118,1555,462,462,0.2874,375.976980000001,10.9133857768243, ,,226D
226D,583,1119,1556,461,461,0.20859,376.185570000001,7.92074857059077, ,,226D
226D,585,1120,1557,460,460,0.31449,376.500060000001,11.9420692169572, ,,226D
226D,587,1121,1558,459,459,0.14101,376.641070000001,5.35454602780097, ,,226D
226D,589,1122,1559,458,458,0.4221,377.063170000001,16.0283233695113, ,,226D
226D,591,1123,1560,457,457,0.2843,377.347470000001,10.7956700638523, ,,226D
226D,593,1124,1561,456,456,0.3845,377.731970000001,14.6005456895927, ,,226D
226D,595,1125,1562,455,455,0.2147,377.946670000001,8.15276244357754, ,,226D
226D,597,1126,1563,454,454,0.27407,378.220740000001,10.4072082110447, ,,226D
226D,599,1127,1564,453,453,0.2669,378.487640000001,10.1349431587836, ,,226D
226D,601,1128,1565,452,452,0.2657,378.753340000001,10.0893757860203, ,,226D
226D,603,1129,1566,451,451,0.3048,379.058140000001,11.574112681893, ,,226D
226D,605,1130,1567,450,450,0.33912,379.397260000001,12.8773395429251, ,,226D
226D,607,1131,1568,449,449,0.26179,379.659050000001,9.94090209643299, ,,226D
226D,609,1132,1569,448,448,0.3295,379.988550000001,12.5120411046055, ,,226D
226D,611,1133,1570,447,447,0.2193,380.207850000001,8.32743737250375, ,,226D
226D,613,1134,1571,446,446,0.3021,380.509950000001,11.4715860931755, ,,226D
226D,615,1135,1572,445,445,0.5806,381.090550000001,22.0470138553382, ,,226D
226D,617,1136,1573,444,444,0.5549,381.645450000001,21.0711126219896, ,,226D
226D,619,1137,1574,443,443,0.30079,381.946240000001,11.4218417112421, ,,226D
226D,621,1138,1575,442,442,0.20379,382.150030000001,7.73847907953734, ,,226D
226D,623,1139,1576,441,441,0.15191,382.301940000001,5.76844966373481, ,,226D
226D,625,1140,1577,440,440,0.3089,382.610840000001,11.7298012055012, ,,226D
226D,627,1141,1580,437,437,0.6172,383.228040000001,,disturbed,2.57415782345662,226D
,,,,,,,,,,,
,,,,,,,,,,,
,,,,,,,,,,,
,,,,,,,,,,,
,,,,,,,,,,,
,,,,,,,,,,,
,,,,,,,,,,,
,,,,,,,,,,,
,,,,,,,,,,,
,,,,,,,,,,,
,,,,,,,,,,,
,,,,,,,,,,,
,,,,,,,,,,,
,,,,,,,,,,,
,,,,,,,,,,,
,,,,,,,,,,,
,,,,,,,,,,,
,,,,,,,,,,370,
,,,,,,,,,1859,198.221902017291,
,,,,,,,,2.1,1.86659494351802,,
,,,,,,0.230075,,1828.57142857143,2057.22190201729,2057.22190201729,
